[
  {"prize":"大奖","phoneNumber":"15105741668"},
  {"prize":"大奖","phoneNumber":"13265039875"},
  {"prize":"大奖","phoneNumber":"13918560432"},
  {"prize":"乖宝宝奖","phoneNumber":"18764028535"},
  {"prize":"乖宝宝奖","phoneNumber":"18768104870"},
  {"prize":"乖宝宝奖","phoneNumber":"18312802126"},
  {"prize":"乖宝宝奖","phoneNumber":"15040336708"},
  {"prize":"乖宝宝奖","phoneNumber":"18109446787"},
  {"prize":"乖宝宝奖","phoneNumber":"18318210914"},
  {"prize":"乖宝宝奖","phoneNumber":"18673026173"},
  {"prize":"乖宝宝奖","phoneNumber":"15802309252"},
  {"prize":"乖宝宝奖","phoneNumber":"13665963227"},
  {"prize":"乖宝宝奖","phoneNumber":"13512128908"},
  {"prize":"爱牙奖","phoneNumber":"15237309274"},
  {"prize":"爱牙奖","phoneNumber":"15924302607"},
  {"prize":"爱牙奖","phoneNumber":"15827169279"},
  {"prize":"爱牙奖","phoneNumber":"15928930585"},
  {"prize":"爱牙奖","phoneNumber":"18280405082"},
  {"prize":"爱牙奖","phoneNumber":"13585733576"},
  {"prize":"爱牙奖","phoneNumber":"13860616660"},
  {"prize":"爱牙奖","phoneNumber":"15871721086"},
  {"prize":"爱牙奖","phoneNumber":"15061411887"},
  {"prize":"爱牙奖","phoneNumber":"18615548685"},
  {"prize":"爱牙奖","phoneNumber":"18710511080"},
  {"prize":"爱牙奖","phoneNumber":"13752077712"},
  {"prize":"爱牙奖","phoneNumber":"15835215319"},
  {"prize":"爱牙奖","phoneNumber":"15188213664"},
  {"prize":"爱牙奖","phoneNumber":"15962131958"},
  {"prize":"爱牙奖","phoneNumber":"13574816028"},
  {"prize":"爱牙奖","phoneNumber":"18348552497"},
  {"prize":"爱牙奖","phoneNumber":"13901779490"},
  {"prize":"爱牙奖","phoneNumber":"15980835210"},
  {"prize":"爱牙奖","phoneNumber":"18902379039"},
  {"prize":"爱牙奖","phoneNumber":"18028024290"},
  {"prize":"爱牙奖","phoneNumber":"13788840266"},
  {"prize":"爱牙奖","phoneNumber":"13417955089"},
  {"prize":"爱牙奖","phoneNumber":"18280384341"},
  {"prize":"爱牙奖","phoneNumber":"15234030306"},
  {"prize":"爱牙奖","phoneNumber":"15766976099"},
  {"prize":"爱牙奖","phoneNumber":"15057288781"},
  {"prize":"爱牙奖","phoneNumber":"15157292839"},
  {"prize":"爱牙奖","phoneNumber":"18782406678"},
  {"prize":"爱牙奖","phoneNumber":"18190819221"},
  {"prize":"爱牙奖","phoneNumber":"15940836110"},
  {"prize":"爱牙奖","phoneNumber":"15228802105"},
  {"prize":"爱牙奖","phoneNumber":"13533389337"},
  {"prize":"爱牙奖","phoneNumber":"13940883231"},
  {"prize":"爱牙奖","phoneNumber":"17785944646"},
  {"prize":"爱牙奖","phoneNumber":"18145589735"},
  {"prize":"爱牙奖","phoneNumber":"13618656661"},
  {"prize":"爱牙奖","phoneNumber":"18994581687"},
  {"prize":"爱牙奖","phoneNumber":"13777678118"},
  {"prize":"爱牙奖","phoneNumber":"15867990208"},
  {"prize":"爱牙奖","phoneNumber":"15155921862"},
  {"prize":"爱牙奖","phoneNumber":"15992251232"},
  {"prize":"爱牙奖","phoneNumber":"15639904561"},
  {"prize":"爱牙奖","phoneNumber":"18758875716"},
  {"prize":"爱牙奖","phoneNumber":"13805187924"},
  {"prize":"爱牙奖","phoneNumber":"13967767737"},
  {"prize":"爱牙奖","phoneNumber":"13674099985"},
  {"prize":"爱牙奖","phoneNumber":"15036311135"},
  {"prize":"爱牙奖","phoneNumber":"15168727972"},
  {"prize":"爱牙奖","phoneNumber":"13763002401"},
  {"prize":"爱牙奖","phoneNumber":"13867829633"},
  {"prize":"爱牙奖","phoneNumber":"15986818468"},
  {"prize":"爱牙奖","phoneNumber":"15606913335"},
  {"prize":"爱牙奖","phoneNumber":"15051461655"},
  {"prize":"爱牙奖","phoneNumber":"13067111997"},
  {"prize":"爱牙奖","phoneNumber":"15185006916"},
  {"prize":"爱牙奖","phoneNumber":"13479191365"},
  {"prize":"爱牙奖","phoneNumber":"18150684009"},
  {"prize":"爱牙奖","phoneNumber":"18377111779"},
  {"prize":"爱牙奖","phoneNumber":"13825080139"},
  {"prize":"爱牙奖","phoneNumber":"18143710167"},
  {"prize":"爱牙奖","phoneNumber":"13307689088"},
  {"prize":"爱牙奖","phoneNumber":"13027773880"},
  {"prize":"爱牙奖","phoneNumber":"13682343391"},
  {"prize":"爱牙奖","phoneNumber":"15319901126"},
  {"prize":"爱牙奖","phoneNumber":"13798281715"},
  {"prize":"爱牙奖","phoneNumber":"13860197987"},
  {"prize":"爱牙奖","phoneNumber":"18101035362"},
  {"prize":"爱牙奖","phoneNumber":"15612903635"},
  {"prize":"爱牙奖","phoneNumber":"13916835869"},
  {"prize":"爱牙奖","phoneNumber":"13406541055"},
  {"prize":"爱牙奖","phoneNumber":"13889770411"},
  {"prize":"爱牙奖","phoneNumber":"13540122781"},
  {"prize":"爱牙奖","phoneNumber":"18874034626"},
  {"prize":"爱牙奖","phoneNumber":"15355139007"},
  {"prize":"爱牙奖","phoneNumber":"18292916320"},
  {"prize":"爱牙奖","phoneNumber":"15800714105"},
  {"prize":"爱牙奖","phoneNumber":"18818202399"},
  {"prize":"爱牙奖","phoneNumber":"18723424912"},
  {"prize":"爱牙奖","phoneNumber":"13799309808"},
  {"prize":"爱牙奖","phoneNumber":"13920692047"},
  {"prize":"爱牙奖","phoneNumber":"18826161986"},
  {"prize":"爱牙奖","phoneNumber":"15103401035"},
  {"prize":"爱牙奖","phoneNumber":"18846181997"},
  {"prize":"爱牙奖","phoneNumber":"13415763900"},
  {"prize":"爱牙奖","phoneNumber":"17712085514"},
  {"prize":"爱牙奖","phoneNumber":"18006718836"},
  {"prize":"爱牙奖","phoneNumber":"15273600992"},
  {"prize":"爱牙奖","phoneNumber":"18653188873"},
  {"prize":"爱牙奖","phoneNumber":"18057119924"},
  {"prize":"爱牙奖","phoneNumber":"18220484733"},
  {"prize":"爱牙奖","phoneNumber":"15818792608"},
  {"prize":"爱牙奖","phoneNumber":"15980449300"},
  {"prize":"爱牙奖","phoneNumber":"15927919693"},
  {"prize":"爱牙奖","phoneNumber":"13929543728"},
  {"prize":"爱牙奖","phoneNumber":"18318959099"},
  {"prize":"爱牙奖","phoneNumber":"13727769525"},
  {"prize":"爱牙奖","phoneNumber":"18098977550"},
  {"prize":"爱牙奖","phoneNumber":"13750194381"},
  {"prize":"爱牙奖","phoneNumber":"13816811528"}
]