[{
    "phoneNumber": "13661757613"
}, {
    "phoneNumber": "18321167065"
}, {
    "phoneNumber": "13480607242"
}, {
    "phoneNumber": "15767011920"
}, {
    "phoneNumber": "18201822243"
}, {
    "phoneNumber": "13926282501"
}, {
    "phoneNumber": "13560762518"
}, {
    "phoneNumber": "18008645702"
}, {
    "phoneNumber": "13952082060"
}, {
    "phoneNumber": "18762401153"
}, {
    "phoneNumber": "13928585731"
}, {
    "phoneNumber": "15022028979"
}, {
    "phoneNumber": "13433008639"
}, {
    "phoneNumber": "13868751705"
}, {
    "phoneNumber": "15002770441"
}, {
    "phoneNumber": "13571082658"
}, {
    "phoneNumber": "15881994925"
}, {
    "phoneNumber": "13702611339"
}, {
    "phoneNumber": "13862881840"
}, {
    "phoneNumber": "13886092923"
}]