[
  {"name":"涂海琴","phoneNumber":"18297420628","coupon":"e59164d89d3e3c9b"},
  {"name":"王女士","phoneNumber":"13866072520","coupon":"6b8e255283a1831f"},
  {"name":"陈春","phoneNumber":"18895663065","coupon":"f8ec042ada252c5b"},
  {"name":"徐晓爱","phoneNumber":"15655298883","coupon":"47020d6a82187e8e"},
  {"name":"石薇","phoneNumber":"18612809500","coupon":"ac2e2a9682ffc38a"},
  {"name":"卞娜","phoneNumber":"13805688383","coupon":"95fc1e5d3011488f"},
  {"name":"杨洋","phoneNumber":"18056607447","coupon":"e28963e4180ca608"},
  {"name":"王玲","phoneNumber":"15956387530","coupon":"d80226cc74812074"},
  {"name":"缪顺银","phoneNumber":"15212592789","coupon":"3e83996714cdbc94"},
  {"name":"黄玲玲","phoneNumber":"15555197052","coupon":"42d26761be0b0671"},
  {"name":"柏莲","phoneNumber":"15215518640","coupon":"64e58f152be8137d"},
  {"name":"吴莉泓","phoneNumber":"15755127765","coupon":"5da8f458d729c151"},
  {"name":"方女士","phoneNumber":"15618817825","coupon":"3bb59ba95f92b883"},
  {"name":"李学江","phoneNumber":"15856996138","coupon":"424e676b558d493e"},
  {"name":"闫丽","phoneNumber":"13739286755","coupon":"6369f58b10da9b88"},
  {"name":"陈如","phoneNumber":"18656057325","coupon":"9d932ad5ea0b4c17"},
  {"name":"蔡斌","phoneNumber":"13965044223","coupon":"034f66cdd1527710"},
  {"name":"何晶","phoneNumber":"13665114097","coupon":"2dd35f7aa58f6fec"},
  {"name":"张蒙","phoneNumber":"13951353406","coupon":"a56b7860d8d7b467"},
  {"name":"陈梦真","phoneNumber":"15068895734","coupon":"a1a60988211b1429"},
  {"name":"张婵","phoneNumber":"15868510980","coupon":"83ab1e81e72e6677"},
  {"name":"汪媛","phoneNumber":"15395172925","coupon":"d5dadae2057e07dc"},
  {"name":"梅蔷薇","phoneNumber":"13761946937","coupon":"57bde35aec11fb7e"},
  {"name":"曹蕾","phoneNumber":"13866672244","coupon":"d885bd1bf4c3f73b"},
  {"name":"王睿","phoneNumber":"18055341060","coupon":"78b6a729856d3813"},
  {"name":"詹秋嫦","phoneNumber":"18501667449","coupon":"1ef5e07846687eaa"},
  {"name":"彭晶","phoneNumber":"15395359698","coupon":"59c8c92d0771e945"},
  {"name":"杨蓉","phoneNumber":"15955572431","coupon":"ecd3c365a73f2325"},
  {"name":"梁明霞","phoneNumber":"13913453979","coupon":"ab7139d646c49611"},
  {"name":"万月琴","phoneNumber":"13817154250","coupon":"886dfce89c495ae5"},
  {"name":"董泽","phoneNumber":"18611399779","coupon":"f301ebffca69e934"},
  {"name":"吴玲","phoneNumber":"18310007436","coupon":"e5b87c3d3dc90d3a"},
  {"name":"  李晓兰","phoneNumber":"13683524416","coupon":"f4e531b291841184"},
  {"name":"高春荣","phoneNumber":"15910538966","coupon":"c1428b28418240d1"},
  {"name":"康女士","phoneNumber":"13146982910","coupon":"483a9b838be971c3"},
  {"name":"郝云","phoneNumber":"18911285322","coupon":"cf5a4068baee2218"},
  {"name":"燕子","phoneNumber":"15901129289","coupon":"017e1495e27863e8"},
  {"name":"弓亚南","phoneNumber":"13521205913","coupon":"12394aafe1aa1993"},
  {"name":"崔记忠","phoneNumber":"13801219747","coupon":"c62004f798ac89ce"},
  {"name":"张晶","phoneNumber":"13311060236","coupon":"b8a7962281da11ad"},
  {"name":"康迪","phoneNumber":"13716269667","coupon":"19e05a988c54afa5"},
  {"name":"柏道静","phoneNumber":"13693184848","coupon":"4542a51b35336434"},
  {"name":"杜女士","phoneNumber":"15910787763","coupon":"f3545db31bf85383"},
  {"name":"康晓慧","phoneNumber":"18613322535","coupon":"cccc95c7c3159ca1"},
  {"name":"敖燕玲","phoneNumber":"18250836067","coupon":"e5257c69418ce4d4"},
  {"name":"丁立娟","phoneNumber":"15059173990","coupon":"04ffa1d260ac1f56"},
  {"name":"陈冲","phoneNumber":"13763873359","coupon":"11e20d4e0c43a76a"},
  {"name":"陈淑玲","phoneNumber":"13605955691","coupon":"3c4f6c7f3488dcde"},
  {"name":"黄芳秀","phoneNumber":"13110887611","coupon":"9e37be6dc2f0bbb0"},
  {"name":"陈英","phoneNumber":"13905914256","coupon":"fb4946ff934c045e"},
  {"name":"陈欣欣","phoneNumber":"18650061727","coupon":"490d85538b3c9cb1"},
  {"name":"董逸林","phoneNumber":"18905016016","coupon":"74a81d4fc020fd79"},
  {"name":"陈鸿","phoneNumber":"13615059729","coupon":"d84c2088dfe44bb3"},
  {"name":"赖桂香","phoneNumber":"15806086702","coupon":"cae57c8a3fd5456c"},
  {"name":"梁春燕","phoneNumber":"15759024939","coupon":"e531ca8d055701dc"},
  {"name":"杨欢燕","phoneNumber":"17065505149","coupon":"275df0eee61594e9"},
  {"name":"游声财","phoneNumber":"13960682819","coupon":"06a516959a97fbb3"},
  {"name":"危梅英","phoneNumber":"18020777737","coupon":"4cfcd0d0328a043d"},
  {"name":"史妈妈","phoneNumber":"18670566726","coupon":"445a08165ca06a04"},
  {"name":"陈慧萍","phoneNumber":"13706073468","coupon":"cacf1515affecc63"},
  {"name":"白菊芬","phoneNumber":"13645953331","coupon":"f815e972b8f2c553"},
  {"name":"蒲玉霞","phoneNumber":"15359606157","coupon":"42d8e1a75e813e9c"},
  {"name":"蔡爱华","phoneNumber":"15060617937","coupon":"4d5efaeebbac99c7"},
  {"name":"陈李丽","phoneNumber":"13799503705","coupon":"284eb68288b4650b"},
  {"name":"曾思宝","phoneNumber":"13559621242","coupon":"248b5bfb3a51f10f"},
  {"name":"傅平珊","phoneNumber":"13559364813","coupon":"52ab690165262149"},
  {"name":"小王","phoneNumber":"13599711647","coupon":"e08e499ec8cb6ad7"},
  {"name":"陈青云","phoneNumber":"13960475653","coupon":"8ff05c309614c4f7"},
  {"name":"陈亮亮","phoneNumber":"15106099683","coupon":"6f4f2dfb5970c729"},
  {"name":"洪小姐","phoneNumber":"15374112255","coupon":"b9b0ad1ca46d9025"},
  {"name":"王梅英","phoneNumber":"15880787986","coupon":"b719e68726805585"},
  {"name":"陈欣","phoneNumber":"13626017665","coupon":"9c0b61e6a80881fe"},
  {"name":"曾小姐","phoneNumber":"13400778497","coupon":"dbf923a4c0e208c4"},
  {"name":"阿敏","phoneNumber":"18250861206","coupon":"e83cfa9e23be7c58"},
  {"name":"陈小龙","phoneNumber":"15980960318","coupon":"c9441162184e6719"},
  {"name":"冰冰","phoneNumber":"13859986392","coupon":"c9d602a168f36862"},
  {"name":"陈金凤","phoneNumber":"15280166807","coupon":"c525cdbfd186643e"},
  {"name":"林培钊","phoneNumber":"18960105204","coupon":"bd6be82829b26f59"},
  {"name":"曾凤兰","phoneNumber":"18850225536","coupon":"1032a6a8b360cd66"},
  {"name":"陈巧荣","phoneNumber":"13559650945","coupon":"7f0628c6becb23c2"},
  {"name":"李金阳","phoneNumber":"15892012106","coupon":"6dd088f21c77a81f"},
  {"name":"吴芳","phoneNumber":"13950165734","coupon":"54ea4a26dd2e5ad6"},
  {"name":"胡丽芬","phoneNumber":"15880204639","coupon":"995825a390392a79"},
  {"name":"zaza","phoneNumber":"15280611291","coupon":"4b29ee013cb7b559"},
  {"name":"吴佳伟","phoneNumber":"15980898263","coupon":"c84cbc3a8050ff9e"},
  {"name":"陈明华","phoneNumber":"15859629265","coupon":"3e272c38cdd1507f"},
  {"name":"黄阳春","phoneNumber":"13695960469","coupon":"49ecb044577d5037"},
  {"name":"马瑄翊","phoneNumber":"18793122657","coupon":"3609ded6229cf026"},
  {"name":"柴亦林","phoneNumber":"13919242117","coupon":"0efb614d465a21f1"},
  {"name":"魏君霞","phoneNumber":"18993121181","coupon":"fbc4bce0616598f4"},
  {"name":"曹丽民","phoneNumber":"13609300418","coupon":"d290e78ee0cc6627"},
  {"name":"王建飞","phoneNumber":"15693121102","coupon":"b36d71ce6c8e6f06"},
  {"name":"蔡小妆","phoneNumber":"13632030133","coupon":"fc488cd07b7cb5c5"},
  {"name":"李淑英","phoneNumber":"13531546376","coupon":"5e8428cde64b53c4"},
  {"name":"黄燕璇","phoneNumber":"13690085036","coupon":"8e61097764ec8907"},
  {"name":"蔡秀秀","phoneNumber":"13433759608","coupon":"1ee9a00930604ac1"},
  {"name":"毕曼曼","phoneNumber":"13652500916","coupon":"266b82efa338718a"},
  {"name":"卜星","phoneNumber":"15989679650","coupon":"d70273c3bee543e3"},
  {"name":"胡景霞","phoneNumber":"18922970052","coupon":"927d1e0a95ad7f8d"},
  {"name":"唐杏莹","phoneNumber":"13903038876","coupon":"b35447aac5364efb"},
  {"name":"张小茹","phoneNumber":"13649868914","coupon":"147bfbad8169b03e"},
  {"name":"汤小姐","phoneNumber":"13751254153","coupon":"689b9d600f5c3a45"},
  {"name":"蔡泳","phoneNumber":"15992702601","coupon":"2fd1113835cee07e"},
  {"name":"韦文","phoneNumber":"18125722227","coupon":"2b0a78b494e3f6aa"},
  {"name":"郭雪玲","phoneNumber":"18927291798","coupon":"a4e39b1100d80ec7"},
  {"name":"陈冰娜","phoneNumber":"18566423893","coupon":"c4a00df3acb49ab4"},
  {"name":"何艳君","phoneNumber":"13535780403","coupon":"80ad2b1a33215729"},
  {"name":"岑美棋","phoneNumber":"13144726261","coupon":"cb684a9228071160"},
  {"name":"曹先生","phoneNumber":"15992253835","coupon":"3009a4be37e13104"},
  {"name":"谭小姐","phoneNumber":"18148996539","coupon":"c67a424e65418699"},
  {"name":"陈晞","phoneNumber":"13418092244","coupon":"f5a3c589c4d6de9e"},
  {"name":"陈剑云","phoneNumber":"13580353797","coupon":"0fa438a65ecb81d3"},
  {"name":"曾先生","phoneNumber":"13602735577","coupon":"08d47fdddc81f9bf"},
  {"name":"陈晓","phoneNumber":"15986319071","coupon":"01fe8e75aba699d1"},
  {"name":"Raina","phoneNumber":"13828482673","coupon":"a3ab600f0ba25731"},
  {"name":"何龙双","phoneNumber":"15986431235","coupon":"3dcaf30d5ab060f3"},
  {"name":"郭敏仪","phoneNumber":"13622758974","coupon":"16df60a182932e38"},
  {"name":"Iris","phoneNumber":"13824488111","coupon":"77a5f05b1fac9b91"},
  {"name":"陈坚红","phoneNumber":"13538928300","coupon":"6c95ed590403f5ba"},
  {"name":"soso","phoneNumber":"13450378286","coupon":"6e9e1fea97597db2"},
  {"name":"吴沛诗","phoneNumber":"13450232330","coupon":"0f25ecc34142019c"},
  {"name":"黄奕灯","phoneNumber":"15819251123","coupon":"79dd005c11037cc3"},
  {"name":"崔丽霞","phoneNumber":"13424251817","coupon":"0d1318bbbf7d4e37"},
  {"name":"曾丽莉","phoneNumber":"13690931851","coupon":"5c625d4099b046b9"},
  {"name":"黄肖芳","phoneNumber":"15816349655","coupon":"fdfc076948bed072"},
  {"name":"迷的猫","phoneNumber":"13794575005","coupon":"2d877b06694a73ec"},
  {"name":"邓美献","phoneNumber":"13556241454","coupon":"1c7d97bb60368bed"},
  {"name":"蔡小小","phoneNumber":"18344356873","coupon":"7a2f0254695cfd94"},
  {"name":"刘旺","phoneNumber":"13539208649","coupon":"1c6930e3cb1f3083"},
  {"name":"李运娥","phoneNumber":"15811942913","coupon":"e80dacc790532fe2"},
  {"name":"梁达琪","phoneNumber":"13554785714","coupon":"67f5d5dd401d4425"},
  {"name":"carmen","phoneNumber":"13392075182","coupon":"17a46259e0dcc1c2"},
  {"name":"陈桂清","phoneNumber":"15976406891","coupon":"a2106a87fbdecaf6"},
  {"name":"陈小姐","phoneNumber":"13822377379","coupon":"5b4019615b803b3a"},
  {"name":"黄伟强","phoneNumber":"13427215034","coupon":"1144c3ca7c16ba1b"},
  {"name":"李玲珍","phoneNumber":"13427422932","coupon":"9852f4ed66596c83"},
  {"name":"常翠华","phoneNumber":"13432259575","coupon":"871b534663ef490d"},
  {"name":"江洁娜","phoneNumber":"18027242516","coupon":"2b0a77d1799a5c38"},
  {"name":"蔡静","phoneNumber":"13686165518","coupon":"2bd2215eb13cb551"},
  {"name":"陈璇","phoneNumber":"15819574408","coupon":"32330f1541ee3c56"},
  {"name":"黄洁玲","phoneNumber":"13202230860","coupon":"923a735102174e73"},
  {"name":"李家馨","phoneNumber":"13416881383","coupon":"f224a1e2ed325525"},
  {"name":"陈少玲","phoneNumber":"13538669011","coupon":"7107a5f9b2c64f7b"},
  {"name":"黄冬雁","phoneNumber":"17722428213","coupon":"fd33ab1453301908"},
  {"name":"戴瑜","phoneNumber":"15119631386","coupon":"c77053d2c8b6b353"},
  {"name":"黄丹","phoneNumber":"15818936656","coupon":"ff4b34c81d81c433"},
  {"name":"李桃","phoneNumber":"13828688821","coupon":"982894bced3b0cc0"},
  {"name":"黄彩虹","phoneNumber":"13537745053","coupon":"c53de6614136c0d7"},
  {"name":"钟志贤","phoneNumber":"17806732022","coupon":"2c6e09eb292c7943"},
  {"name":"梁巧芬","phoneNumber":"18318203909","coupon":"2d1043d60449edd1"},
  {"name":"刘小姐","phoneNumber":"15218034780","coupon":"927d8eb2d109df2b"},
  {"name":"李秋婷","phoneNumber":"13610223461","coupon":"4c7693a4f8066b3b"},
  {"name":"郭神强","phoneNumber":"13610512850","coupon":"ff339d4895247481"},
  {"name":"何姨","phoneNumber":"15992001546","coupon":"4bc8b3517fbb50ff"},
  {"name":"曾宇乐","phoneNumber":"13602943099","coupon":"ccf33d96ac4f492a"},
  {"name":"曾秋梅","phoneNumber":"13415234181","coupon":"dc3a801ca9baf406"},
  {"name":"刘燕芬","phoneNumber":"13553938071","coupon":"69bb7ca65afec4b7"},
  {"name":"班雯宇","phoneNumber":"13927606616","coupon":"c3e71f96ae9961c7"},
  {"name":"陈汉婷","phoneNumber":"15917516084","coupon":"257c6cb1d2d6f369"},
  {"name":"陈映如","phoneNumber":"13539647151","coupon":"de7c8f7ae4522a43"},
  {"name":"陈华玲","phoneNumber":"13670430666","coupon":"98f0347ed033175f"},
  {"name":"李纯","phoneNumber":"13592842539","coupon":"d05ab80924c7d5c2"},
  {"name":"杨赛燕","phoneNumber":"15815200934","coupon":"86639a6228b482c4"},
  {"name":"曹淑炫","phoneNumber":"15992225079","coupon":"72a504be1068d654"},
  {"name":"陈妙钟","phoneNumber":"15917911600","coupon":"a74de5696121d89e"},
  {"name":"曾依情","phoneNumber":"15119437820","coupon":"cd31dad7d3c4d5bb"},
  {"name":"白杨","phoneNumber":"15920386966","coupon":"f705cf03fa953311"},
  {"name":"陈海娃","phoneNumber":"18813585373","coupon":"22ca6e46ea5d7d84"},
  {"name":"曾小艳","phoneNumber":"18318545237","coupon":"74f88e1cc9c15696"},
  {"name":"刘园","phoneNumber":"13726571584","coupon":"4bc068b58bd5d48b"},
  {"name":"岑燕","phoneNumber":"13827973306","coupon":"38ab38ebe4586c8a"},
  {"name":"李文婷","phoneNumber":"13580135850","coupon":"df808773ce2a60fc"},
  {"name":"曾祥丽","phoneNumber":"15814735697","coupon":"36362b981a44f341"},
  {"name":"邓小姐","phoneNumber":"13530107724","coupon":"0f68956f9bbe392e"},
  {"name":"曾婷婷","phoneNumber":"13480603106","coupon":"83c54c0c08bd5862"},
  {"name":"赵优","phoneNumber":"13714970207","coupon":"1139e817df9de34b"},
  {"name":"曾丹","phoneNumber":"18813587258","coupon":"ce4f2df89e86c6a2"},
  {"name":"黄彩连","phoneNumber":"13652368696","coupon":"d6e960f4daf7dbe7"},
  {"name":"袁小姐","phoneNumber":"13714733921","coupon":"cd76a1f0b6cb2a30"},
  {"name":"杨珊","phoneNumber":"13048873334","coupon":"9d6f9bcf0beed0cd"},
  {"name":"彭小姐","phoneNumber":"13590366628","coupon":"038c5b9cde614d5d"},
  {"name":"啊云","phoneNumber":"13728266520","coupon":"9b4325ac36e8d49a"},
  {"name":"冯雪琴","phoneNumber":"15014992366","coupon":"ba8641066b232cc8"},
  {"name":"梁润意","phoneNumber":"13226654080","coupon":"b1e85eccd6d82515"},
  {"name":"胡永丽","phoneNumber":"13714203447","coupon":"a7ab358df9850bed"},
  {"name":"陈冠杏","phoneNumber":"13826899610","coupon":"ae11da1901fb161f"},
  {"name":"陈小翠","phoneNumber":"13420114008","coupon":"277deb67b283e391"},
  {"name":"黄小英","phoneNumber":"13641462795","coupon":"d8087dea8c118d5e"},
  {"name":"李小姐","phoneNumber":"13413667296","coupon":"0e06b7f4d146d533"},
  {"name":"陈国玲","phoneNumber":"13822508209","coupon":"7eb5b7aff9920582"},
  {"name":"陈以希","phoneNumber":"15018598345","coupon":"328b91ce51806442"},
  {"name":"陈湛","phoneNumber":"13692371894","coupon":"36535749e655437f"},
  {"name":"盛艳萍","phoneNumber":"18666739829","coupon":"31f538c851675ae0"},
  {"name":"郭志华","phoneNumber":"15766311428","coupon":"0eef85d73c68c21a"},
  {"name":"黄建群","phoneNumber":"13376568296","coupon":"783eff6184c3712d"},
  {"name":"吕小玉","phoneNumber":"13717216630","coupon":"154bfae7d8172189"},
  {"name":"蔡转玲","phoneNumber":"18929854021","coupon":"5bc4b4c9fa5ad54e"},
  {"name":"陈少颜","phoneNumber":"13649879046","coupon":"8a3e4528581cd52b"},
  {"name":"俞生","phoneNumber":"13660963961","coupon":"db1b09cddcb37fc8"},
  {"name":"李爱","phoneNumber":"18306615597","coupon":"af625539276707e1"},
  {"name":"陈碧芬","phoneNumber":"15900045367","coupon":"b856eeece7eb0132"},
  {"name":"赖小姐","phoneNumber":"13798969227","coupon":"43fde4f43c8e32ed"},
  {"name":"陈琳","phoneNumber":"13570695191","coupon":"ee46bdc2022468c6"},
  {"name":"陈钦鸿","phoneNumber":"13922789213","coupon":"ddf6f0a7bce923a3"},
  {"name":"赖海燕","phoneNumber":"18277905048","coupon":"53939ea13b4b558e"},
  {"name":"钟赛","phoneNumber":"13877095937","coupon":"dd4bac73d8d87e72"},
  {"name":"李萍","phoneNumber":"15207838960","coupon":"666dc30ce51cda71"},
  {"name":"蒙志芳","phoneNumber":"13925391180","coupon":"7a67e2a309879d5d"},
  {"name":"唐时铭","phoneNumber":"18978331798","coupon":"c6b9c4e92ca1ed3d"},
  {"name":"林晓","phoneNumber":"18677317665","coupon":"41d6e2cb935c757f"},
  {"name":"廖玲玉","phoneNumber":"13878365681","coupon":"2055be82f6b07a17"},
  {"name":"黄碧妮","phoneNumber":"13100540256","coupon":"4a35a2d25a0e0f49"},
  {"name":"荣玉丹","phoneNumber":"18276726559","coupon":"4fabc88c017a5c4f"},
  {"name":"韦潘婷","phoneNumber":"18207725808","coupon":"5449d7cbda663278"},
  {"name":"陈丽红","phoneNumber":"15678994055","coupon":"657aca9b0fb0c50d"},
  {"name":"淡晓霞","phoneNumber":"15977118839","coupon":"8d176a1e79d4a5cd"},
  {"name":"程雪","phoneNumber":"18100763060","coupon":"ad8361290e765eeb"},
  {"name":"廖月英","phoneNumber":"13878898002","coupon":"4e34e6740ef936d3"},
  {"name":"曾玉玲","phoneNumber":"15977489828","coupon":"cfb899a8913daab6"},
  {"name":"程程","phoneNumber":"18076553864","coupon":"f23fcb37a772f985"},
  {"name":"韩慧柳","phoneNumber":"13471190713","coupon":"6a99afdf372cd6fc"},
  {"name":"宗娇","phoneNumber":"18607776184","coupon":"29aefb6648899237"},
  {"name":"韦梦霞","phoneNumber":"13457456808","coupon":"844e9a784b93f9a0"},
  {"name":"田馨怡","phoneNumber":"18776600490","coupon":"b4dbd9069d700e97"},
  {"name":"李子胜","phoneNumber":"15812824033","coupon":"88c4b197cbc82c68"},
  {"name":"林文晴","phoneNumber":"13087757770","coupon":"46f468b668595461"},
  {"name":"韩仲春","phoneNumber":"18985360999","coupon":"2befff836f910d5a"},
  {"name":"徐元坤","phoneNumber":"18785189826","coupon":"d003f1ffbc909d88"},
  {"name":"刘莉梅","phoneNumber":"18798765116","coupon":"488571774b9e5716"},
  {"name":"何胜月","phoneNumber":"18685444211","coupon":"cfa1ffd9cff41d15"},
  {"name":"曾晓丽","phoneNumber":"18798899594","coupon":"f0cec37206cc7c25"},
  {"name":"韩念念","phoneNumber":"18275075867","coupon":"c22171e82625436a"},
  {"name":"龙静波","phoneNumber":"18212980548","coupon":"3f1dbc8f06999dd4"},
  {"name":"金英","phoneNumber":"13595049135","coupon":"24909f92176f1aa6"},
  {"name":"陈雯","phoneNumber":"15289895230","coupon":"4287cdb3a3857baf"},
  {"name":"董美霞","phoneNumber":"18789819706","coupon":"f0ab7eb5aa904ffb"},
  {"name":"杜海琼","phoneNumber":"13807561336","coupon":"12ec42bb46d497fe"},
  {"name":"洪芳","phoneNumber":"15595966871","coupon":"cf90f08ff75fbfd1"},
  {"name":"李萍","phoneNumber":"15798995788","coupon":"c8aaa6053d39a9fa"},
  {"name":"陈方玲","phoneNumber":"13322084890","coupon":"eb430a0a3a0fb0e5"},
  {"name":"刘晖霞","phoneNumber":"15203079858","coupon":"ae39d27605e5fae4"},
  {"name":"符策文","phoneNumber":"18923732631","coupon":"7c18b957aca9b433"},
  {"name":"卢金菊","phoneNumber":"13707535970","coupon":"d562be0bb956858a"},
  {"name":"许小妹","phoneNumber":"18889336300","coupon":"63cc65e716a04867"},
  {"name":"崔小红","phoneNumber":"18203232168","coupon":"6495cdfb163b0089"},
  {"name":"李翠领","phoneNumber":"13623175239","coupon":"d78f60c12401a594"},
  {"name":"杨颖","phoneNumber":"15531772296","coupon":"253ad7581c5d4c68"},
  {"name":"赵杰","phoneNumber":"13520502467","coupon":"06893afd7482817d"},
  {"name":"曹艳飞","phoneNumber":"13784237836","coupon":"5c7ff8e990ff301a"},
  {"name":"张媛","phoneNumber":"13703207752","coupon":"c975354642fc045d"},
  {"name":"刘慧","phoneNumber":"18911907216","coupon":"8dc083bbf590b9d1"},
  {"name":"翟琳","phoneNumber":"13703301246","coupon":"ec0b2866d015257c"},
  {"name":"李茜","phoneNumber":"15081040853","coupon":"90b4e1de42222571"},
  {"name":"金子","phoneNumber":"18131026697","coupon":"145e699f3f7b520b"},
  {"name":"华庚","phoneNumber":"13718886643","coupon":"c948a6a1f5a0b1de"},
  {"name":"刘广月","phoneNumber":"15076672022","coupon":"26ed62134ca1bf7e"},
  {"name":"王敏","phoneNumber":"13321106970","coupon":"92b2764d4e1f928e"},
  {"name":"刘玉梅","phoneNumber":"18330684602","coupon":"419c4d0218068c5a"},
  {"name":"李欢欢","phoneNumber":"13313162096","coupon":"de1a544826c2a083"},
  {"name":"王浩","phoneNumber":"13292666369","coupon":"676f3a342e083e96"},
  {"name":"王彪","phoneNumber":"17734060292","coupon":"4a272e3140de71d6"},
  {"name":"崔志敏","phoneNumber":"13451476108","coupon":"739cb3e2be220f08"},
  {"name":"李东肖","phoneNumber":"13073119096","coupon":"cb047856be7e65db"},
  {"name":"刘倩","phoneNumber":"18500878067","coupon":"d1e01d886ade749d"},
  {"name":"董潇帅","phoneNumber":"18395603439","coupon":"cc6a9d28080c8f11"},
  {"name":"李圆圆","phoneNumber":"18131154643","coupon":"f7b46a491dda979b"},
  {"name":"王学然","phoneNumber":"15081822068","coupon":"6ebd3d94b27bf071"},
  {"name":"安安","phoneNumber":"13131187354","coupon":"a356b8f598f56eb4"},
  {"name":"刘方","phoneNumber":"15226582121","coupon":"861bf0492b5cf9d1"},
  {"name":"李叶","phoneNumber":"15831928970","coupon":"2e4d098108141170"},
  {"name":"高美芳","phoneNumber":"17733894996","coupon":"cb545a95edd2c827"},
  {"name":"白克立","phoneNumber":"15028152800","coupon":"5bd73d9d623924cf"},
  {"name":"鲍卓蕾","phoneNumber":"13373012175","coupon":"b68cc7980b5f904e"},
  {"name":"白姣姣","phoneNumber":"13803219578","coupon":"9ddd5cb823316371"},
  {"name":"何梦","phoneNumber":"15003214043","coupon":"3569509398c84fe0"},
  {"name":"徐颖","phoneNumber":"13663298804","coupon":"dab383bd2ac6e32d"},
  {"name":"刘庆慧","phoneNumber":"15130582258","coupon":"f64bd850bf910582"},
  {"name":"张双","phoneNumber":"15133449452","coupon":"6e764351480eaf37"},
  {"name":"冯宏","phoneNumber":"13603686122","coupon":"9ae4e0392e08d2d7"},
  {"name":"佟德双","phoneNumber":"13933445403","coupon":"fb98da565daf1188"},
  {"name":"陈利利","phoneNumber":"15031905560","coupon":"2d320b81e2ab69bc"},
  {"name":"李真","phoneNumber":"18538220860","coupon":"76b33736db0ae36f"},
  {"name":"罗雪玉","phoneNumber":"15901550960","coupon":"56f94064ca5b2ebe"},
  {"name":"李倩倩","phoneNumber":"15838301957","coupon":"e1baaa5a622d57af"},
  {"name":"张鑫","phoneNumber":"13683796163","coupon":"3bfe5265edd47423"},
  {"name":"麻方方","phoneNumber":"13937999008","coupon":"d928a726ccc40166"},
  {"name":"王毅","phoneNumber":"13461076069","coupon":"4975ac73c9993679"},
  {"name":"周玉琴","phoneNumber":"18211923080","coupon":"c9e8d5619bb902d9"},
  {"name":"徐小润","phoneNumber":"18903882931","coupon":"9df7030a4ee0ea96"},
  {"name":"王艳","phoneNumber":"18637933003","coupon":"efa06addc22aa6dc"},
  {"name":"谢欢欢","phoneNumber":"15937152780","coupon":"b8ae4867fec9336d"},
  {"name":"孙子涵","phoneNumber":"13721816747","coupon":"354b87f57481bb96"},
  {"name":"张亚","phoneNumber":"13838049775","coupon":"5b8151999a94db54"},
  {"name":"连宁舒","phoneNumber":"18103908021","coupon":"79a8729b43637bf3"},
  {"name":"孙琳","phoneNumber":"15290793835","coupon":"94593a69fdcb3d36"},
  {"name":"张华","phoneNumber":"13608693197","coupon":"01eebdf5b6ca7f63"},
  {"name":"张婉妮","phoneNumber":"13302352090","coupon":"3be10100193bc529"},
  {"name":"孔少杰","phoneNumber":"18257861893","coupon":"dbf8036fb1b39df4"},
  {"name":"周生","phoneNumber":"18238617296","coupon":"254ee0c531f2189e"},
  {"name":"杜冰","phoneNumber":"15836090439","coupon":"bc61a70d9c7feb25"},
  {"name":"李娜","phoneNumber":"13569407398","coupon":"0dd8bcac861f26af"},
  {"name":"董云浩","phoneNumber":"18749177711","coupon":"5ac2e79fbd709e26"},
  {"name":"付月","phoneNumber":"15537648699","coupon":"53d4c74a0cb0d983"},
  {"name":"陈新利","phoneNumber":"15937168242","coupon":"3ffb62948be3f256"},
  {"name":"马惠平","phoneNumber":"18037336009","coupon":"176cd923d1e04984"},
  {"name":"橙宝","phoneNumber":"15803843001","coupon":"6a77ee7af6eeb7d3"},
  {"name":"郭金培","phoneNumber":"15237149510","coupon":"f7acfe000d8d4426"},
  {"name":"陈雪","phoneNumber":"15838698678","coupon":"4e21d5900816341b"},
  {"name":"崔俊霞","phoneNumber":"18838122052","coupon":"27cef7c950877987"},
  {"name":"胡园园","phoneNumber":"18336380708","coupon":"264fa7f1d5ba231d"},
  {"name":"王琳娜","phoneNumber":"13837173961","coupon":"70dccc980afaed92"},
  {"name":"蒋春梅","phoneNumber":"18010428309","coupon":"17ae0769b017436e"},
  {"name":"常阿菲","phoneNumber":"18810545058","coupon":"eadc249f0ed8ce0c"},
  {"name":"周闪闪","phoneNumber":"15838155349","coupon":"8f83aebdc6570844"},
  {"name":"王刚","phoneNumber":"15893625309","coupon":"928b6019108362b6"},
  {"name":"刘梦醒","phoneNumber":"13137269126","coupon":"8b251cf75a281063"},
  {"name":"池笑笑","phoneNumber":"13513970153","coupon":"3e89ded4e370ad4a"},
  {"name":"杜苗苗","phoneNumber":"18039297623","coupon":"5889a459879ca390"},
  {"name":"郭中华","phoneNumber":"15516859307","coupon":"8ca397d99f428e25"},
  {"name":"穆燕霞","phoneNumber":"13555575784","coupon":"3b02e684378964c1"},
  {"name":"冯国义","phoneNumber":"13603651330","coupon":"7ac71f5a0b687081"},
  {"name":"陈洁","phoneNumber":"13674629116","coupon":"c0ae2019bace8f98"},
  {"name":"李楠楠","phoneNumber":"15904604641","coupon":"2bc7672950c11531"},
  {"name":"乐淘小耗儿","phoneNumber":"15776722210","coupon":"d98de34d47e8ca75"},
  {"name":"陈妍妍","phoneNumber":"18246148808","coupon":"0ee48e63c275e30c"},
  {"name":"孟凡磊","phoneNumber":"18646647563","coupon":"dbddcca8120cca50"},
  {"name":"王文强","phoneNumber":"15846610847","coupon":"0fe53cef52f430f3"},
  {"name":"李娜","phoneNumber":"18245015669","coupon":"1bdeaabf5181ead6"},
  {"name":"董娟","phoneNumber":"13074570450","coupon":"48c0e3340ea74008"},
  {"name":"胡志银","phoneNumber":"18665876292","coupon":"a5f9999d0a7212ce"},
  {"name":"詹盼","phoneNumber":"13469892994","coupon":"b8de221861dd2aac"},
  {"name":"田琼","phoneNumber":"18871756740","coupon":"4a8799a93a6e26b0"},
  {"name":"陈雅芳","phoneNumber":"15172022114","coupon":"91558a1300551061"},
  {"name":"刘晶晶","phoneNumber":"13774088955","coupon":"ed32a1ae0e52984d"},
  {"name":"简琴琴","phoneNumber":"13886944141","coupon":"81e17bd96c5981c4"},
  {"name":"彭凡","phoneNumber":"15989495096","coupon":"0bd8254683b034fc"},
  {"name":"黄莹","phoneNumber":"15826549987","coupon":"57b51e2d679d1f96"},
  {"name":"杨思思","phoneNumber":"15927919693","coupon":"0035dd21fdc5537c"},
  {"name":"黄玲","phoneNumber":"18986728891","coupon":"460ce1b900b85e50"},
  {"name":"赖燕芝","phoneNumber":"18272243227","coupon":"7fa30b1d52825279"},
  {"name":"杨大卫","phoneNumber":"18192122838","coupon":"59838d758c6e1791"},
  {"name":"曹佳佳","phoneNumber":"15071633903","coupon":"1f3983a08211791d"},
  {"name":"肖傲玲","phoneNumber":"13886859839","coupon":"8e801cbe609ff6c7"},
  {"name":"齐亚妮","phoneNumber":"15026842896","coupon":"f8dbd6be0e317150"},
  {"name":"刘佩","phoneNumber":"17771771989","coupon":"bd19baa056e9fc51"},
  {"name":"陈莎","phoneNumber":"15527306698","coupon":"9548b4169d02d200"},
  {"name":"练星","phoneNumber":"18086109780","coupon":"b7e5ebefed81c0e1"},
  {"name":"胡婷婷","phoneNumber":"18507183061","coupon":"aabd09ba9bdba56c"},
  {"name":"包盼","phoneNumber":"15927414986","coupon":"d61e12daf54055a5"},
  {"name":"陈炼","phoneNumber":"15391544057","coupon":"24a5e3061eae10d8"},
  {"name":"陈梦","phoneNumber":"15972120580","coupon":"319fa5db358be7ec"},
  {"name":"钟媛","phoneNumber":"13260686909","coupon":"d677fb7ba8ab7498"},
  {"name":"刘晶","phoneNumber":"18672350939","coupon":"b14f30ba6c2379f5"},
  {"name":"张婷","phoneNumber":"18207146949","coupon":"f040149cd733951c"},
  {"name":"贺倩","phoneNumber":"18825240926","coupon":"d9aabe45a42cbc84"},
  {"name":"鞠利惠","phoneNumber":"18607142446","coupon":"e51c9e0840ae2eca"},
  {"name":"柳霞","phoneNumber":"18627793755","coupon":"61042ffbf880f850"},
  {"name":"曾婷婷","phoneNumber":"13812201030","coupon":"1eda15b7fe5f2c22"},
  {"name":"陈超","phoneNumber":"13635791517","coupon":"0d479584cc38db99"},
  {"name":"段锋华","phoneNumber":"18163111387","coupon":"3d23dd3c079733dd"},
  {"name":"侯文凤","phoneNumber":"15271969780","coupon":"934c175d00343317"},
  {"name":"胡安菊","phoneNumber":"13929521878","coupon":"a412bd938718e9f1"},
  {"name":"余秀","phoneNumber":"15871489726","coupon":"61da3387f7015cc3"},
  {"name":"陈静","phoneNumber":"18327668980","coupon":"d6b9cf13822e2ec8"},
  {"name":"王祖超","phoneNumber":"13487272242","coupon":"c6d9f3b3c2c73ba5"},
  {"name":"田丽","phoneNumber":"13986765675","coupon":"76c93f4d42811c6e"},
  {"name":"刘凤梅","phoneNumber":"18774927736","coupon":"39a299559d4ac203"},
  {"name":"曹露殊","phoneNumber":"18684803604","coupon":"0aac429851f33023"},
  {"name":"周围","phoneNumber":"15873646737","coupon":"5d755f871117b161"},
  {"name":"李芳","phoneNumber":"17769367960","coupon":"c43cefbb719b2b13"},
  {"name":"陈浩","phoneNumber":"18821952895","coupon":"74073c21ffa990ed"},
  {"name":"刘美芬","phoneNumber":"17369301989","coupon":"64ce833412434df3"},
  {"name":"曾丽娟","phoneNumber":"13319670302","coupon":"b102c16b3b27add8"},
  {"name":"扶丽敏","phoneNumber":"13975506050","coupon":"9e48de8d7e6ee1a0"},
  {"name":"梁丽丽","phoneNumber":"18175583445","coupon":"c680e9b7f2457285"},
  {"name":"黄静","phoneNumber":"18075507933","coupon":"aa266dd4f7e36556"},
  {"name":"何新兰","phoneNumber":"17718962671","coupon":"48b44169772bffa3"},
  {"name":"陈小瑶","phoneNumber":"17773552916","coupon":"5bc063a1dd62f1e5"},
  {"name":"文志华","phoneNumber":"15674095096","coupon":"522545426d922a5d"},
  {"name":"王璐","phoneNumber":"18373462821","coupon":"ac2382a79f182d74"},
  {"name":"文健云","phoneNumber":"15920226719","coupon":"a1ef3858d21d01b5"},
  {"name":"陈舒婷","phoneNumber":"15802682015","coupon":"be0d1af8c435277d"},
  {"name":"刘皓","phoneNumber":"13789388585","coupon":"20b10ad8e476fe4e"},
  {"name":"代代","phoneNumber":"18692346534","coupon":"a5120640a674400b"},
  {"name":"胡登妃","phoneNumber":"18673449864","coupon":"4b7b2f8ba2184030"},
  {"name":"肖女士","phoneNumber":"15974052112","coupon":"c551bd8d53a5eccc"},
  {"name":"贺彩霞","phoneNumber":"13875979257","coupon":"5608433fc4b2b7bd"},
  {"name":"朱适农","phoneNumber":"15207395862","coupon":"ef4418dcbc161511"},
  {"name":"莫歌成","phoneNumber":"17773902521","coupon":"4b64bddd04bac0ba"},
  {"name":"漆爱国","phoneNumber":"18573988626","coupon":"4d181c6d65b2fa37"},
  {"name":"石亚梅","phoneNumber":"15111462683","coupon":"268a16ce4a835738"},
  {"name":"李良","phoneNumber":"13203105710","coupon":"020d0487a4ce073c"},
  {"name":"刘洋","phoneNumber":"18163989613","coupon":"4a9a8491337035e0"},
  {"name":"樊艳琴","phoneNumber":"15173278602","coupon":"8b2a9d1913534181"},
  {"name":"胡芳毅","phoneNumber":"15580099066","coupon":"d34023727ecd1428"},
  {"name":"李静","phoneNumber":"17773791013","coupon":"9f670a88ea512327"},
  {"name":"龙帅","phoneNumber":"15292063730","coupon":"8fff094d4a2e6397"},
  {"name":"胡水慧","phoneNumber":"15774172502","coupon":"02919d7b239c2a67"},
  {"name":"张钰","phoneNumber":"18390048222","coupon":"b850f6159f1edfff"},
  {"name":"付乐","phoneNumber":"15073060534","coupon":"ea10eaaf5968b049"},
  {"name":"周四荣","phoneNumber":"18173049901","coupon":"8138d3cd7340d4aa"},
  {"name":"陈姣","phoneNumber":"13974983237","coupon":"34bd79efdaecb3b8"},
  {"name":"陈航","phoneNumber":"18975870254","coupon":"975fa8c1bd19c963"},
  {"name":"陈方","phoneNumber":"13875976446","coupon":"2fe92f2af7999ac4"},
  {"name":"胡清","phoneNumber":"18874967610","coupon":"5b757169565d9d27"},
  {"name":"张世建","phoneNumber":"13875876489","coupon":"7664b205c24d9eea"},
  {"name":"陈丽","phoneNumber":"15200913193","coupon":"db2bfa4bf734210a"},
  {"name":"佳佳姐","phoneNumber":"15974156392","coupon":"53e7e5809a3d5bd6"},
  {"name":"艾佩莲","phoneNumber":"18008443706","coupon":"3b920590b23fc80c"},
  {"name":"蔡方纯","phoneNumber":"13687346361","coupon":"1afc34696575ab9a"},
  {"name":"曹娟","phoneNumber":"18570399619","coupon":"815d92f1d37ce203"},
  {"name":"谭宋青","phoneNumber":"18173398439","coupon":"ff1b3a8bd8030d1c"},
  {"name":"肖肖","phoneNumber":"18973332162","coupon":"8c32c5153dc256d3"},
  {"name":"曾双","phoneNumber":"13787838283","coupon":"8c2fd8e6d9f34d9f"},
  {"name":"李丹丹","phoneNumber":"18711375123","coupon":"01284ceb32aa3de7"},
  {"name":"刘红","phoneNumber":"13378086896","coupon":"1eea4f16661a49d2"},
  {"name":"刘广","phoneNumber":"18692250226","coupon":"035bc8733760b2de"},
  {"name":"王萍","phoneNumber":"15844930899","coupon":"c11d408db323a023"},
  {"name":"赵燕","phoneNumber":"13466369652","coupon":"70a061d2def14d89"},
  {"name":"范斌","phoneNumber":"13843119294","coupon":"618a634d2ad3b334"},
  {"name":"姚海艳","phoneNumber":"15904421776","coupon":"b054c5911a7b65f0"},
  {"name":"宋冬雪","phoneNumber":"18686627364","coupon":"d1d7d89a15295d98"},
  {"name":"陈红","phoneNumber":"15504449461","coupon":"4b9a1a2f60c4811d"},
  {"name":"金鑫","phoneNumber":"15948793570","coupon":"8d9803704f397ea0"},
  {"name":"胡馨予","phoneNumber":"13596165151","coupon":"355d8b47a5ac41a8"},
  {"name":"卫女士","phoneNumber":"18844571665","coupon":"10a675f4b007798b"},
  {"name":"王芸","phoneNumber":"13861107247","coupon":"bd42a9fabecd8ab8"},
  {"name":"陈颖","phoneNumber":"18114499576","coupon":"396722d06a2f918f"},
  {"name":"魏盼盼","phoneNumber":"13915005446","coupon":"172167bfffa9f600"},
  {"name":"柴琪","phoneNumber":"13915071123","coupon":"dfdea88b74eab5bf"},
  {"name":"李巧珍","phoneNumber":"18115808276","coupon":"11f80a1bc34ccde0"},
  {"name":"张静","phoneNumber":"13776635596","coupon":"f58e6b15fbcbdb60"},
  {"name":"韩颖","phoneNumber":"18762008366","coupon":"d4dab3dd041c5094"},
  {"name":"周健","phoneNumber":"15252326673","coupon":"cb6c18f88a761672"},
  {"name":"孙梦兰","phoneNumber":"13584877342","coupon":"bd7bde8a2ed69b9d"},
  {"name":"冯静","phoneNumber":"18082025275","coupon":"ae9b9db143fbc144"},
  {"name":"田丽","phoneNumber":"15996162009","coupon":"2c5f34de8946c625"},
  {"name":"李仕芳","phoneNumber":"15061200333","coupon":"e793bb2bf644bf91"},
  {"name":"于吉侠","phoneNumber":"15061375297","coupon":"1a5c8d4d600c94eb"},
  {"name":"黄苹","phoneNumber":"13917638415","coupon":"788be13d66721ae0"},
  {"name":"黄真真","phoneNumber":"13511565009","coupon":"b371ba9360718301"},
  {"name":"郝思书","phoneNumber":"18094228700","coupon":"67182a970e751eeb"},
  {"name":"居倍亦","phoneNumber":"15896450933","coupon":"3eebfa076b4c3fd1"},
  {"name":"蔡利娟","phoneNumber":"13813818207","coupon":"7be6e67aa343d00a"},
  {"name":"徐宝","phoneNumber":"13813394740","coupon":"2a0f763f51246568"},
  {"name":"程丹丹","phoneNumber":"13814187037","coupon":"d11c57771a505a89"},
  {"name":"陈明秀","phoneNumber":"18260044008","coupon":"8b4cc149afaa4227"},
  {"name":"陈燕儿","phoneNumber":"13584094737","coupon":"98d000a15b6ca383"},
  {"name":"陈莉莉","phoneNumber":"15251867100","coupon":"433925f9eb15aa5f"},
  {"name":"褚玲玉","phoneNumber":"13915907321","coupon":"54a18949a9f9cb6b"},
  {"name":"黄丽娟","phoneNumber":"18351325569","coupon":"0a2a19bb5bd76a21"},
  {"name":"黄新燕","phoneNumber":"15151347005","coupon":"e9408bacac0a5dfd"},
  {"name":"冯晓丹","phoneNumber":"15162726004","coupon":"e5eb247ac730cee0"},
  {"name":"郝建平","phoneNumber":"18068125505","coupon":"7cb4f4a3701c9953"},
  {"name":"杨莎","phoneNumber":"15152436923","coupon":"07aa320301ea333a"},
  {"name":"伍德秀","phoneNumber":"18110665863","coupon":"538782c6a8281feb"},
  {"name":"刘菊","phoneNumber":"18014914962","coupon":"c74f05db63dbb0b1"},
  {"name":"葛彩琴","phoneNumber":"18962115169","coupon":"a6d4e48e5cc04379"},
  {"name":"曹莉莉","phoneNumber":"15995722154","coupon":"4c3173ffad71f3bb"},
  {"name":"宋薇","phoneNumber":"13122233831","coupon":"561447bdd18ad0af"},
  {"name":"囡囡","phoneNumber":"15195683871","coupon":"b3d7a443ad85ac0e"},
  {"name":"徐冬梅","phoneNumber":"18013778328","coupon":"35da96937472a08f"},
  {"name":"陈梅","phoneNumber":"13402553025","coupon":"e5d7a026e2ab85c2"},
  {"name":"陈亚萍","phoneNumber":"13348011743","coupon":"7abe91716147aa8d"},
  {"name":"陆文佳","phoneNumber":"15759291736","coupon":"1128ac28d72ea938"},
  {"name":"陈玉兰","phoneNumber":"15358631225","coupon":"e8033b58dc3927c9"},
  {"name":"吴阳","phoneNumber":"13814238710","coupon":"e61a5ea655af2031"},
  {"name":"朵朵妈","phoneNumber":"18921397705","coupon":"8e3168c580f9d56f"},
  {"name":"尤梦君","phoneNumber":"15152263775","coupon":"4df9651347412689"},
  {"name":"孙培","phoneNumber":"13961640316","coupon":"ccbbb05745f41261"},
  {"name":"偰欢欢","phoneNumber":"15961832636","coupon":"4264437efb83765e"},
  {"name":"徐静","phoneNumber":"15921766004","coupon":"42f47386863981bb"},
  {"name":"刘晓青","phoneNumber":"13773936662","coupon":"c1c7e0898a704100"},
  {"name":"姜晨","phoneNumber":"15052734207","coupon":"fc252ed5e61af997"},
  {"name":"程梦焕","phoneNumber":"15190774577","coupon":"7a2f58e7120460bd"},
  {"name":"陈女士","phoneNumber":"15162170123","coupon":"3057e3a647b3fc6e"},
  {"name":"陈浩","phoneNumber":"15950687832","coupon":"cec44b14755bf442"},
  {"name":"刘彬","phoneNumber":"15261123263","coupon":"c9ac05e4e9c5447a"},
  {"name":"杜萍","phoneNumber":"18068731170","coupon":"6ea23fe05e06dcba"},
  {"name":"高昊","phoneNumber":"13685180162","coupon":"ad7dd4dac6cd8c50"},
  {"name":"陈佳华","phoneNumber":"15852199352","coupon":"6d6e2ccba7db910e"},
  {"name":"大宝","phoneNumber":"15262009105","coupon":"cd580ef4ff0e54a0"},
  {"name":"刘春婷","phoneNumber":"17715211936","coupon":"c06339cdd2d1250c"},
  {"name":"孙娅兰","phoneNumber":"18021858712","coupon":"1dbc779dfcfd2a59"},
  {"name":"巧儿","phoneNumber":"15962065898","coupon":"ebb17d8cb960a7c0"},
  {"name":"陈华","phoneNumber":"13815588236","coupon":"8bce4ea982d46e2c"},
  {"name":"青青栀子","phoneNumber":"15962085691","coupon":"cd55149c1774d625"},
  {"name":"高红艳","phoneNumber":"18066190952","coupon":"89fa07ba49ce8b32"},
  {"name":"成娇","phoneNumber":"15861392770","coupon":"b0931af1fd15a65d"},
  {"name":"李美霞","phoneNumber":"15252962862","coupon":"8c7fc5d802d0a742"},
  {"name":"秦有梅","phoneNumber":"18795882989","coupon":"f2304ae85f26564e"},
  {"name":"邓伟成","phoneNumber":"13970435398","coupon":"a9579d0f5113b66f"},
  {"name":"刘影","phoneNumber":"18379469771","coupon":"1fc37a874218df39"},
  {"name":"黄龙美","phoneNumber":"18370720282","coupon":"1355a755605801b4"},
  {"name":"郭红燕","phoneNumber":"13766339972","coupon":"618c76069a84b51f"},
  {"name":"曾丽霞","phoneNumber":"13510928320","coupon":"7b9068aadac55d5f"},
  {"name":"彭长秀","phoneNumber":"15779015321","coupon":"33f02e8944d2f347"},
  {"name":"黄炉香","phoneNumber":"18179823659","coupon":"4528fe78d85febc5"},
  {"name":"欧阳金枝","phoneNumber":"18970900968","coupon":"af6f57279f18938e"},
  {"name":"杨三","phoneNumber":"15083551800","coupon":"8f523e140f08f017"},
  {"name":"武林","phoneNumber":"18687119050","coupon":"c2a9c0ad12b4c783"},
  {"name":"何梅芳","phoneNumber":"15397828265","coupon":"f58d2cfc6cea50ed"},
  {"name":"佳佳","phoneNumber":"15390809321","coupon":"c5d5a287f652678a"},
  {"name":"周天皓","phoneNumber":"13607915160","coupon":"b58db26849827e5b"},
  {"name":"李蓓","phoneNumber":"13517006170","coupon":"6b624b1e71214510"},
  {"name":"熊丽","phoneNumber":"15679157696","coupon":"015e32f7ca0b1120"},
  {"name":"李小兰","phoneNumber":"13155802515","coupon":"88ef5f3a62d91252"},
  {"name":"蔡初红","phoneNumber":"15170094280","coupon":"3b6717f1288ffaba"},
  {"name":"曾文红","phoneNumber":"15879192527","coupon":"1d3a4877907736ea"},
  {"name":"廖萍果","phoneNumber":"18970057144","coupon":"1057d5bff5c2a424"},
  {"name":"陈恬","phoneNumber":"13870887989","coupon":"6d41b40d313fb0a0"},
  {"name":"胡梦璐","phoneNumber":"13767427032","coupon":"4f287f7fb95bc4e0"},
  {"name":"邓虎","phoneNumber":"13755770227","coupon":"f20b4d6099ed61e8"},
  {"name":"肖瑜成","phoneNumber":"13620058026","coupon":"ce05ba656176e457"},
  {"name":"程国枝","phoneNumber":"13667036283","coupon":"9125e9de2773019f"},
  {"name":"朱艳琴","phoneNumber":"13479018443","coupon":"5e2c1e27f05a53e7"},
  {"name":"赵小艳","phoneNumber":"13671870062","coupon":"8841fa538bc8b4f6"},
  {"name":"刘意","phoneNumber":"15170201250","coupon":"b4fe7cbaa1d91233"},
  {"name":"王晶","phoneNumber":"18296540897","coupon":"91f209549eefcce6"},
  {"name":"王立平","phoneNumber":"15770537702","coupon":"a13e7d680e1fe2c5"},
  {"name":"辛欢","phoneNumber":"18662162700","coupon":"08d40e77a34566e8"},
  {"name":"郑小萍","phoneNumber":"15717001386","coupon":"80c20dd06d8b2fc2"},
  {"name":"孙茜","phoneNumber":"18341257521","coupon":"96148a1a143b5610"},
  {"name":"曹继芝","phoneNumber":"15841261102","coupon":"31702b6459f4eecc"},
  {"name":"马冰","phoneNumber":"15842021800","coupon":"d682e33ea22b7cf1"},
  {"name":"陈英","phoneNumber":"13940802505","coupon":"21fbd8dab9c06df3"},
  {"name":"陈旭","phoneNumber":"18698745722","coupon":"631c9f6d61d0c4ce"},
  {"name":"曹翰","phoneNumber":"13842641135","coupon":"faaf1e6c6ace3307"},
  {"name":"王欣新","phoneNumber":"13840838147","coupon":"23002e6774d1823f"},
  {"name":"刘佳琪","phoneNumber":"15998547567","coupon":"4f1743ade7330e6a"},
  {"name":"YY","phoneNumber":"13940811225","coupon":"e7870fb26e9f233e"},
  {"name":"陈爽","phoneNumber":"15241852249","coupon":"eeaced11db516624"},
  {"name":"纪晓雪","phoneNumber":"13941870485","coupon":"c29ab720f1eb21a6"},
  {"name":"朱晓川","phoneNumber":"15940638286","coupon":"3032f554aaec114e"},
  {"name":"常欣","phoneNumber":"15009884945","coupon":"9ab0df085d86aac1"},
  {"name":"丽娜","phoneNumber":"15840586569","coupon":"e50f552d253bca6e"},
  {"name":"陈新","phoneNumber":"13889338931","coupon":"c39e4699765418ba"},
  {"name":"刘婷","phoneNumber":"15940136059","coupon":"93fc24199175bf08"},
  {"name":"李雪莹","phoneNumber":"15940093434","coupon":"31896795699ca0b5"},
  {"name":"鲍欣妮","phoneNumber":"15204089907","coupon":"26e65d4215e323bb"},
  {"name":"吕艳","phoneNumber":"13694125127","coupon":"a301788f7b85f914"},
  {"name":"李梅","phoneNumber":"15040189280","coupon":"999146b34f8a06e5"},
  {"name":"车文静","phoneNumber":"18502412497","coupon":"51b37f296bf4f56a"},
  {"name":"邓春阳","phoneNumber":"13998178840","coupon":"ae7e75813c896240"},
  {"name":"刘路","phoneNumber":"18942403631","coupon":"dfd6b72980322c94"},
  {"name":"王舒畅","phoneNumber":"15142042880","coupon":"27d64a7ffe70c344"},
  {"name":"张楠","phoneNumber":"15024773878","coupon":"17f7038bba81c5fc"},
  {"name":"张淑媛","phoneNumber":"13947234990","coupon":"77a5d59827eed39c"},
  {"name":"高建武","phoneNumber":"15509506792","coupon":"310392be243c34c9"},
  {"name":"许栩","phoneNumber":"13995216566","coupon":"2ebf0aabcd51bc75"},
  {"name":"刘月英","phoneNumber":"13995114959","coupon":"268fdf5fd8e60b11"},
  {"name":"刘素梅","phoneNumber":"18315430999","coupon":"87749d0b9a01055e"},
  {"name":"刘新","phoneNumber":"15066531839","coupon":"4d13be9581c9edc8"},
  {"name":"曲晓红","phoneNumber":"15589193121","coupon":"bda61830cb8293bd"},
  {"name":"刘华","phoneNumber":"15069256613","coupon":"ebc3ef3c738e8401"},
  {"name":"王娟","phoneNumber":"15179187577","coupon":"8e4cb7dbd46ef78b"},
  {"name":"刘瑞环","phoneNumber":"15066001756","coupon":"455022685d36ed30"},
  {"name":"董欢欢","phoneNumber":"15166222161","coupon":"0cae4514106d6827"},
  {"name":"刘真真","phoneNumber":"13954026041","coupon":"c357632ef8a107e8"},
  {"name":"荆莹","phoneNumber":"18453069471","coupon":"e57a5c7e8d617f73"},
  {"name":"李欣","phoneNumber":"18754023521","coupon":"519c333d4c6bef17"},
  {"name":"安越","phoneNumber":"15866690871","coupon":"864ba42c5155d4a0"},
  {"name":"欧洪涛","phoneNumber":"15264112551","coupon":"10b2523996d76a1c"},
  {"name":"傅裕","phoneNumber":"15854128699","coupon":"fe73b18de1f44dca"},
  {"name":"刘雯倩","phoneNumber":"13791007563","coupon":"d764d11ea09a36da"},
  {"name":"丁雅静","phoneNumber":"15688862228","coupon":"89fa1f13121017b7"},
  {"name":"刘小娜","phoneNumber":"13615414679","coupon":"30f1dad415b4481a"},
  {"name":"成成","phoneNumber":"18668927254","coupon":"0cc21f21e42d141d"},
  {"name":"李萨娜","phoneNumber":"18954178688","coupon":"170cc43c365befc3"},
  {"name":"梅梅","phoneNumber":"13031732841","coupon":"99ca1239df4a7333"},
  {"name":"董晨","phoneNumber":"17866607837","coupon":"a3e6ec52444a7ae9"},
  {"name":"王秀芳","phoneNumber":"15621792237","coupon":"24006ea815b614f0"},
  {"name":"吴谦","phoneNumber":"15263750588","coupon":"d6e5dafe1ac473bf"},
  {"name":"侯祥花","phoneNumber":"13853715190","coupon":"f1f4d2abf43c67ef"},
  {"name":"尹逊芹","phoneNumber":"15163477982","coupon":"17f62cae2d6f87f3"},
  {"name":"王鑫","phoneNumber":"13561293079","coupon":"2ee37e4aee40b9b2"},
  {"name":"王少伟","phoneNumber":"13693179217","coupon":"0f5639758fae6ffb"},
  {"name":"关丽杰","phoneNumber":"13817598390","coupon":"bbf8e5614c1cf95c"},
  {"name":"王燕","phoneNumber":"15168959936","coupon":"4a57e6a3bc1952e9"},
  {"name":"胡双","phoneNumber":"15253969310","coupon":"df4664f0e23142af"},
  {"name":"李飘飘","phoneNumber":"18669623102","coupon":"837f480424eb43cc"},
  {"name":"孙其华","phoneNumber":"15854905926","coupon":"178fcd05ff8a8404"},
  {"name":"邴文文","phoneNumber":"15863000716","coupon":"c7d2bbca2c44c6fa"},
  {"name":"葛瑞彩","phoneNumber":"18561335911","coupon":"da5f3d720de2fa97"},
  {"name":"卜慧慧","phoneNumber":"15621084002","coupon":"244e903540b0553d"},
  {"name":"李小翠","phoneNumber":"13963959170","coupon":"6ca6386347087fc5"},
  {"name":"高倩倩","phoneNumber":"15165211411","coupon":"e8c032c23f516b33"},
  {"name":"sunny丁","phoneNumber":"18562597527","coupon":"1ccf6ba5a74d720a"},
  {"name":"李伟","phoneNumber":"18661830778","coupon":"90c4aaf99977d27f"},
  {"name":"李坤","phoneNumber":"18669816682","coupon":"1bec05ab392bef88"},
  {"name":"李敏","phoneNumber":"15606341550","coupon":"2e7e0e4067b5e83b"},
  {"name":"刘海燕","phoneNumber":"15763147586","coupon":"acfbeb5590084134"},
  {"name":"于婷婷","phoneNumber":"13561886592","coupon":"67b1c4d808cbd331"},
  {"name":"车珊色","phoneNumber":"17606260629","coupon":"8af681cfe1cd927d"},
  {"name":"李华洁","phoneNumber":"15953627028","coupon":"48e9a156ab32ca27"},
  {"name":"韩珍","phoneNumber":"18553640633","coupon":"ea5c3b0fdb1208ef"},
  {"name":"高彦","phoneNumber":"15653663537","coupon":"47a63b56289cf965"},
  {"name":"黄女士","phoneNumber":"15763099167","coupon":"2638e867a6aa386b"},
  {"name":"胡乔瑜","phoneNumber":"13656369390","coupon":"b3babb54206df04a"},
  {"name":"陈杰杰","phoneNumber":"15624247779","coupon":"419bbc3dde2b84db"},
  {"name":"巩志华","phoneNumber":"13562559767","coupon":"9185c19e752ed5a1"},
  {"name":"聂玉俊","phoneNumber":"18563854265","coupon":"7b20664c6505a92d"},
  {"name":"李爽洁","phoneNumber":"15275528150","coupon":"120418092ed79b01"},
  {"name":"林秋萍","phoneNumber":"15908907199","coupon":"3408630afbba1d8e"},
  {"name":"任季红","phoneNumber":"13863800667","coupon":"8ef7817290e5eecd"},
  {"name":"常涛","phoneNumber":"13791202356","coupon":"77c71cf3b5da4ebe"},
  {"name":"王芳","phoneNumber":"18369255635","coupon":"f9645dc48d381db0"},
  {"name":"耿俊英","phoneNumber":"13361595891","coupon":"663a703bfb38c8c5"},
  {"name":"孙杰","phoneNumber":"13792184757","coupon":"4ce1ec64ff101895"},
  {"name":"常敬敬","phoneNumber":"18766923616","coupon":"ef6987a8933a45bf"},
  {"name":"巨红霞","phoneNumber":"13935404408","coupon":"0921d3c0930e1506"},
  {"name":"赵雪瑞","phoneNumber":"13834178190","coupon":"5bc1bc007e6d16aa"},
  {"name":"范蓉蓉","phoneNumber":"13835754400","coupon":"ebcacf125847b19d"},
  {"name":"王芳","phoneNumber":"18434060664","coupon":"0db136f88ab9dc84"},
  {"name":"杨洁","phoneNumber":"15935792937","coupon":"581cea653a647ab4"},
  {"name":"曹蓉蓉","phoneNumber":"15534786288","coupon":"3f6f99587822d22a"},
  {"name":"戚木曦","phoneNumber":"18634775118","coupon":"b7908b274f4ff1ca"},
  {"name":"段香兰","phoneNumber":"13546367497","coupon":"33f5baf4e4aedc1a"},
  {"name":"殷晶晶","phoneNumber":"13934602637","coupon":"f7785a286b121b91"},
  {"name":"李晓芸","phoneNumber":"15834019155","coupon":"c3c0578b9dbb80b5"},
  {"name":"曹美萍","phoneNumber":"13934556716","coupon":"e8f8edfe0a63bb9a"},
  {"name":"段嘉丽","phoneNumber":"13453461041","coupon":"19c1f0a22099b8cf"},
  {"name":"静静","phoneNumber":"13835194822","coupon":"92b9ad9e84189148"},
  {"name":"何跃","phoneNumber":"13485377800","coupon":"d6554367e26781ac"},
  {"name":"付佳","phoneNumber":"15135144532","coupon":"3402e690e5f89cb9"},
  {"name":"刘玉珍","phoneNumber":"13935094369","coupon":"0fc64fa0ec1f60a8"},
  {"name":"尹瑞娟","phoneNumber":"13994190889","coupon":"2069410a9fb290d6"},
  {"name":"杨巧玲","phoneNumber":"18003531622","coupon":"22f9caf4b40d9032"},
  {"name":"曹婷婷","phoneNumber":"13613570006","coupon":"9f4303833195267b"},
  {"name":"杨楠","phoneNumber":"18203554814","coupon":"67633bc07f87b885"},
  {"name":"王宝鹏","phoneNumber":"18700729071","coupon":"2913282edacb855d"},
  {"name":"崔玲玲","phoneNumber":"13410013575","coupon":"cc40da13994ae0f1"},
  {"name":"马荣隆","phoneNumber":"13862736508","coupon":"194a369839c024d5"},
  {"name":"丁燕","phoneNumber":"15891340018","coupon":"1910f921647ef1be"},
  {"name":"周瑞娟","phoneNumber":"15829354829","coupon":"399fd327731d793c"},
  {"name":"范芳婷","phoneNumber":"15091080843","coupon":"01e5324453b25d97"},
  {"name":"常朝军","phoneNumber":"13759904199","coupon":"29826aa60de94ea0"},
  {"name":"李开力","phoneNumber":"15991405522","coupon":"72f2eb717ac48099"},
  {"name":"燕子","phoneNumber":"13572316260","coupon":"5d2525ebf02b7735"},
  {"name":"任凤凤","phoneNumber":"18031781987","coupon":"2703df153178f77b"},
  {"name":"王茜","phoneNumber":"18966533573","coupon":"d5c230e70f0ccdd3"},
  {"name":"安香利","phoneNumber":"18292088239","coupon":"e1493b0d62c58632"},
  {"name":"田径","phoneNumber":"13669259150","coupon":"4729dc064ee886ed"},
  {"name":"孙媛媛","phoneNumber":"15929440278","coupon":"a811135afa6aa714"},
  {"name":"王森勃","phoneNumber":"13325462911","coupon":"d384fac8844170c0"},
  {"name":"黄远","phoneNumber":"18309212022","coupon":"6f8bc6b761345ef3"},
  {"name":"陈彩艳","phoneNumber":"18710591953","coupon":"05bbb9d391bdae36"},
  {"name":"queen","phoneNumber":"18691870256","coupon":"4283444e7f6493a9"},
  {"name":"郭洁琼","phoneNumber":"15902974613","coupon":"54723e1ef5a9ae8d"},
  {"name":"白小白","phoneNumber":"15594856928","coupon":"c6551b38b3598eec"},
  {"name":"李黎丹","phoneNumber":"15319489990","coupon":"173686038384f9f2"},
  {"name":"陈浩","phoneNumber":"13484608337","coupon":"b698fdb2becebae2"},
  {"name":"Sy宝贝猪","phoneNumber":"15339166643","coupon":"ea42e470f1ef4291"},
  {"name":"强艳","phoneNumber":"18717278007","coupon":"740609685a3e46da"},
  {"name":"王敏","phoneNumber":"18792629104","coupon":"8ac516b4eb59ba98"},
  {"name":"来剑利","phoneNumber":"13679119129","coupon":"e2ee62b7d5b440dc"},
  {"name":"胡敏","phoneNumber":"18229043587","coupon":"ceb6335092a99754"},
  {"name":"丁娟娟","phoneNumber":"18710487903","coupon":"303a1c4c6a9c7207"},
  {"name":"陈美艳","phoneNumber":"18729543773","coupon":"cfe5f1a6feebf38e"},
  {"name":"狄祎婷","phoneNumber":"18895078167","coupon":"cae78d70f84672b6"},
  {"name":"李娟","phoneNumber":"18740501314","coupon":"6285ac51d952304c"},
  {"name":"黎瑶","phoneNumber":"15002969686","coupon":"a20d9099c36154f9"},
  {"name":"杨静","phoneNumber":"13564757879","coupon":"eeae0ffe32f90fb5"},
  {"name":"程群","phoneNumber":"15000059837","coupon":"7dafb0b6d963ef47"},
  {"name":"姚源","phoneNumber":"13917898479","coupon":"67676d20f7dc7d51"},
  {"name":"郭桂","phoneNumber":"13585883403","coupon":"958e147e83cb703c"},
  {"name":"黄晨萍","phoneNumber":"13908186720","coupon":"8f39d4651236f35e"},
  {"name":"程锦","phoneNumber":"18117457565","coupon":"0b0d5a337bc78e59"},
  {"name":"戚明佳","phoneNumber":"15001788720","coupon":"2523723e1e551a4f"},
  {"name":"欧阳晶","phoneNumber":"13601965860","coupon":"9a53a72a32110490"},
  {"name":"Amber","phoneNumber":"15900947668","coupon":"5678000f18d61e0d"},
  {"name":"陈斌","phoneNumber":"13524009493","coupon":"5e2b95b68b53ebe4"},
  {"name":"李子辉","phoneNumber":"17717059877","coupon":"4cf79e40316534b5"},
  {"name":"王一枫","phoneNumber":"13564655832","coupon":"a05ab20e610011ce"},
  {"name":"白宝珠","phoneNumber":"15910557321","coupon":"64c1229391d0e1bc"},
  {"name":"陈芳","phoneNumber":"13062606715","coupon":"e6b2af63f5c35434"},
  {"name":"陆吕同","phoneNumber":"13641551902","coupon":"8efa48eb233e474d"},
  {"name":"敖亮","phoneNumber":"18621598168","coupon":"1696da0a6c321dd7"},
  {"name":"陈亚飞","phoneNumber":"15026953026","coupon":"58ef2e0e3d93c08b"},
  {"name":"陈娜","phoneNumber":"15921958099","coupon":"8469f1499662f012"},
  {"name":"曹诗怡","phoneNumber":"13524770470","coupon":"4da6ec8a1f2930f8"},
  {"name":"陈志刚","phoneNumber":"18918830400","coupon":"f61a6488bd2a7486"},
  {"name":"陈岑","phoneNumber":"18621511903","coupon":"8ec4516e4cc55aa0"},
  {"name":"刘珊","phoneNumber":"15390063293","coupon":"83e7c4d0044cf4e0"},
  {"name":"邓菲","phoneNumber":"13458538878","coupon":"c92ae0e5f7e19925"},
  {"name":"陈春凤","phoneNumber":"13320961785","coupon":"9559b3d265fb8401"},
  {"name":"陈英","phoneNumber":"13558714547","coupon":"687c36a0be703577"},
  {"name":"周容","phoneNumber":"18113160617","coupon":"1ff028e219abc636"},
  {"name":"陈思铭","phoneNumber":"15002804203","coupon":"935de7eb6bc68567"},
  {"name":"顾中雪","phoneNumber":"18981875961","coupon":"5ff8bb7228044a30"},
  {"name":"蒋小欣","phoneNumber":"18502897077","coupon":"848fc1cf5a6551f7"},
  {"name":"郭洪丹","phoneNumber":"18280241696","coupon":"85caea6f6077b9d4"},
  {"name":"周涵","phoneNumber":"13281917789","coupon":"ba2dd3045ec3d82a"},
  {"name":"何金华","phoneNumber":"18908087167","coupon":"7d30563d91fd6537"},
  {"name":"陈稀","phoneNumber":"13880049508","coupon":"c4ddbc14afaefb33"},
  {"name":"程蕊","phoneNumber":"13880623723","coupon":"1b0f415c3c30612e"},
  {"name":"陈晓君","phoneNumber":"18628011332","coupon":"2fe8990d554e64af"},
  {"name":"高仲敏","phoneNumber":"13540666867","coupon":"cc9c580337637e5e"},
  {"name":"陈文","phoneNumber":"13699083209","coupon":"a73491ca2e6c4599"},
  {"name":"崔丽梅","phoneNumber":"13350091046","coupon":"62d2f73b5419b834"},
  {"name":"刘梅","phoneNumber":"18982817690","coupon":"f54d33cc0d30f9af"},
  {"name":"付雪君","phoneNumber":"18981076726","coupon":"6779e6b710ea9a03"},
  {"name":"龚仲敏","phoneNumber":"13990458050","coupon":"732c86fbbc1e4541"},
  {"name":"雷恩瑞","phoneNumber":"15982603121","coupon":"7e406d642b50034e"},
  {"name":"张小英","phoneNumber":"15298062523","coupon":"566f34b4f927e407"},
  {"name":"魏世芳","phoneNumber":"15298038684","coupon":"1d41204714cb5e6e"},
  {"name":"黄先虹","phoneNumber":"18783448621","coupon":"190ed5d88b07eaed"},
  {"name":"优优","phoneNumber":"15108199686","coupon":"97ba8c05c0e85d51"},
  {"name":"黄英","phoneNumber":"13648134629","coupon":"da575ea90f9deeab"},
  {"name":"许红艳","phoneNumber":"15198259697","coupon":"94e63a0dc75b6017"},
  {"name":"鲜小梅","phoneNumber":"15181663875","coupon":"80f04c339d9275e5"},
  {"name":"邹玲","phoneNumber":"15228815674","coupon":"f5a9630857124ded"},
  {"name":"陈卫娇","phoneNumber":"18990894317","coupon":"18eb829294fe3b54"},
  {"name":"聂超男","phoneNumber":"15928624806","coupon":"3d5222fab85a6443"},
  {"name":"李婷玉","phoneNumber":"13018235103","coupon":"554db90f70e68218"},
  {"name":"刘学会","phoneNumber":"18096305176","coupon":"db1ef0ee3610e341"},
  {"name":"蒋莉","phoneNumber":"18281232834","coupon":"356f47c26bf9ff24"},
  {"name":"孙巧林","phoneNumber":"13981604874","coupon":"7f9690123752e32c"},
  {"name":"雷小容","phoneNumber":"18096230063","coupon":"4a421d81eb6b66fb"},
  {"name":"董理","phoneNumber":"13550696652","coupon":"c682df76eda972b2"},
  {"name":"黄小莉","phoneNumber":"18782272843","coupon":"60163d728f50f2fe"},
  {"name":"钟佑梅","phoneNumber":"13392939945","coupon":"c809dd8bd64cbd46"},
  {"name":"杨桂兰","phoneNumber":"15700695337","coupon":"3fb953b35c760ecc"},
  {"name":"曾燕","phoneNumber":"15008138778","coupon":"a96e4f1a21d8162d"},
  {"name":"张苹","phoneNumber":"18002040529","coupon":"b7f91f9cbd6fb4ee"},
  {"name":"陈孝鹤","phoneNumber":"13622062676","coupon":"46c9873de28e9d12"},
  {"name":"李雪","phoneNumber":"15122833631","coupon":"ff44cde9028b615c"},
  {"name":"康妍","phoneNumber":"13662076663","coupon":"75b1f67dec58e8eb"},
  {"name":"荣志芳","phoneNumber":"18322333843","coupon":"3fa7f8eb64e0644a"},
  {"name":"付正静","phoneNumber":"13821763856","coupon":"ff9d630ca466be00"},
  {"name":"郭佳新","phoneNumber":"18622918877","coupon":"640a1075e8fb1c26"},
  {"name":"陈静","phoneNumber":"18702272332","coupon":"284fcb698f413088"},
  {"name":"王君","phoneNumber":"13752571191","coupon":"dc98f6ba7edf9a28"},
  {"name":"陈少丹","phoneNumber":"17702272965","coupon":"649a3589917b8ee6"},
  {"name":"何兰娜","phoneNumber":"13820148555","coupon":"be122247912f1c00"},
  {"name":"韩静","phoneNumber":"15222698153","coupon":"9800dacae12129ec"},
  {"name":"杨菲","phoneNumber":"18622084703","coupon":"ae29641288d35fda"},
  {"name":"崔娟","phoneNumber":"13920912534","coupon":"d236c6c7996d8235"},
  {"name":"刘芳","phoneNumber":"15276226142","coupon":"6ee00efdaf6e1341"},
  {"name":"杨兰美","phoneNumber":"15198370546","coupon":"d15634cf212ec7fe"},
  {"name":"薛佳","phoneNumber":"15911701437","coupon":"027a209c3bf2f467"},
  {"name":"张娜","phoneNumber":"18313702002","coupon":"c1536bbe744715a8"},
  {"name":"曾静","phoneNumber":"15912584895","coupon":"359e23dd09825c9b"},
  {"name":"常健明","phoneNumber":"13888053092","coupon":"6cda43f42e1aec7c"},
  {"name":"李靖俊","phoneNumber":"15025114716","coupon":"f50cfbd024e4dcc1"},
  {"name":"曾羽璘","phoneNumber":"13888950020","coupon":"137c9843cdfe543a"},
  {"name":"曾萍","phoneNumber":"18206791520","coupon":"6a19ef128ce69f79"},
  {"name":"张外芬","phoneNumber":"15911698583","coupon":"b36352b54336fbd1"},
  {"name":"范范","phoneNumber":"15958187062","coupon":"5c5a163116657c5c"},
  {"name":"江训","phoneNumber":"13968169585","coupon":"699910d0ed41d3e5"},
  {"name":"卜佑梅","phoneNumber":"13666608220","coupon":"e860ea2751d23c7f"},
  {"name":"刘海霞","phoneNumber":"18067937869","coupon":"edb14368551981a3"},
  {"name":"戴丽莉","phoneNumber":"13588285590","coupon":"a87a1b2e87b78a8b"},
  {"name":"王顺芳","phoneNumber":"13216164587","coupon":"fed367d3c54a78de"},
  {"name":"朱凝双","phoneNumber":"13758293571","coupon":"8f0d681cf7bea364"},
  {"name":"曹茜茜","phoneNumber":"18868731343","coupon":"67b6d3a82e639901"},
  {"name":"丁松","phoneNumber":"18142006446","coupon":"f22dc5e082367bff"},
  {"name":"曾慧","phoneNumber":"13588118086","coupon":"3b817e48ef9290f8"},
  {"name":"陈煌","phoneNumber":"13291826926","coupon":"0fcdca912c956dea"},
  {"name":"卫成兵","phoneNumber":"18857292800","coupon":"de1389721ac0fba0"},
  {"name":"吴文琴","phoneNumber":"13567980578","coupon":"62935bbf73559b37"},
  {"name":"戴建平","phoneNumber":"13587265613","coupon":"c8f9cfed61d0806e"},
  {"name":"韩家兰","phoneNumber":"15268129050","coupon":"dcbd6711f57193f7"},
  {"name":"金芸芸","phoneNumber":"15757352173","coupon":"b7df268e7ef13753"},
  {"name":"李丽","phoneNumber":"18657599640","coupon":"7a94021d510abd97"},
  {"name":"陆焕焕","phoneNumber":"15905835706","coupon":"9b28d691a29ce237"},
  {"name":"曹雪华","phoneNumber":"15957387100","coupon":"dcdee547a132d31b"},
  {"name":"谢佳燕","phoneNumber":"13758310772","coupon":"ddd73bad25637c5c"},
  {"name":"陈洁梅","phoneNumber":"13819304970","coupon":"0eb323cd211497a0"},
  {"name":"安小Q","phoneNumber":"18657382866","coupon":"593a50c62f8eebe1"},
  {"name":"吕赞","phoneNumber":"13566774471","coupon":"a0c94d1c8bce4b86"},
  {"name":"段燕飞","phoneNumber":"15858952490","coupon":"66b616c32cfe541a"},
  {"name":"方媛","phoneNumber":"13105599188","coupon":"3e8cfb00a92caeb2"},
  {"name":"何超燕","phoneNumber":"15857928487","coupon":"59ee61fb2266fc50"},
  {"name":"胡冬梅","phoneNumber":"15088244610","coupon":"6ac955245a5463ae"},
  {"name":"李苗苗","phoneNumber":"15258255105","coupon":"55595be359b5b531"},
  {"name":"cicy","phoneNumber":"13858347999","coupon":"bcaf9df82b991ac4"},
  {"name":"小史","phoneNumber":"13957433144","coupon":"10689bd78c16f869"},
  {"name":"胡静","phoneNumber":"13065646352","coupon":"39c9202684e8a911"},
  {"name":"郭晓洁","phoneNumber":"13732182460","coupon":"3f93f1798f0eb240"},
  {"name":"蔡倩","phoneNumber":"15088807266","coupon":"200e785586a00c50"},
  {"name":"韩金娥","phoneNumber":"15168526848","coupon":"cc6e1919ca5fed77"},
  {"name":"鲍园虹","phoneNumber":"15968990418","coupon":"da4127203a0debb5"},
  {"name":"邵芳芳","phoneNumber":"13454755049","coupon":"aa61148d36899f7f"},
  {"name":"糖糖","phoneNumber":"15958268646","coupon":"b2f3c4e6b507aa80"},
  {"name":"胡燕","phoneNumber":"13567328956","coupon":"4945d0242ce5eab2"},
  {"name":"何金娜","phoneNumber":"18667932665","coupon":"55b3af7eea0188d0"},
  {"name":"成文娟","phoneNumber":"13326025280","coupon":"5ba9836bf903a675"},
  {"name":"苏怡然","phoneNumber":"13867698646","coupon":"2ee73c54e079496a"},
  {"name":"许小华","phoneNumber":"15167683235","coupon":"2fb7ee97cbaa5a8f"},
  {"name":"董涛","phoneNumber":"18806556805","coupon":"f6615d77848811b1"},
  {"name":"陈佳","phoneNumber":"13738658760","coupon":"999ad7ed703096dd"},
  {"name":"陈纯","phoneNumber":"15967609188","coupon":"75bd66d34a282c70"},
  {"name":"刘丽娜","phoneNumber":"18757726601","coupon":"2803a5a491f09728"},
  {"name":"高蒙蒙","phoneNumber":"13968798873","coupon":"e14d9c2bf21137c1"},
  {"name":"邓秦","phoneNumber":"15167435595","coupon":"ecf1e79103527fb6"},
  {"name":"陈淑蕙","phoneNumber":"13758711141","coupon":"725220ed71e23ffb"},
  {"name":"郭维","phoneNumber":"15258723911","coupon":"87b94da51f89e3ea"},
  {"name":"蔡小姐","phoneNumber":"18758755083","coupon":"94c9a2f020b77238"},
  {"name":"白婷婷","phoneNumber":"15258708633","coupon":"0bbad4692af856b6"},
  {"name":"程永平","phoneNumber":"15068270253","coupon":"0e3f94744e97f6ca"},
  {"name":"方意","phoneNumber":"13857223393","coupon":"177c0d85665a306e"},
  {"name":"杜婷","phoneNumber":"18720067707","coupon":"0eb7f7965cacccc5"},
  {"name":"王茜","phoneNumber":"13996127494","coupon":"b7b7c830d665ac22"},
  {"name":"陈敏","phoneNumber":"13617604124","coupon":"db1096a2e55e7eff"},
  {"name":"陈茜","phoneNumber":"18502325340","coupon":"5f5ba4173f3a90b2"},
  {"name":"杨淼","phoneNumber":"13883419058","coupon":"86698a37e2343106"},
  {"name":"董洁","phoneNumber":"18623313351","coupon":"7bb864a43f408272"},
  {"name":"淼淼","phoneNumber":"15808028698","coupon":"ca925d6511433a45"},
  {"name":"黄晴琪","phoneNumber":"13481407780","coupon":"63a877a8d6e1b79b"},
  {"name":"高婉君","phoneNumber":"18290253759","coupon":"f09226ed1f83b278"},
  {"name":"大风车","phoneNumber":"13618307721","coupon":"3ca66bc938bbdaa7"},
  {"name":"唐丹","phoneNumber":"13452000960","coupon":"2cab80c300576ea9"},
  {"name":"廖薇薇","phoneNumber":"15123489863","coupon":"64cfa81b3aaefc09"},
  {"name":"爱丽思","phoneNumber":"13594290825","coupon":"63227a3dc899b4fa"},
  {"name":"苟燕","phoneNumber":"13617622760","coupon":"bb03cb7faab57780"},
  {"name":"范利君","phoneNumber":"13983077374","coupon":"9937e86dc3ff72d6"},
  {"name":"邹君","phoneNumber":"13667613262","coupon":"7aadd0e0a5e8d62f"},
  {"name":"盘其芳","phoneNumber":"13883544953","coupon":"b394196e2061c7ea"},
  {"name":"何小群","phoneNumber":"15800619052","coupon":"07fd21051d27dcb9"},
  {"name":"李mm","phoneNumber":"15025343329","coupon":"c59d171d113cc3f1"},
  {"name":"陈可","phoneNumber":"18623018831","coupon":"293063d34f614307"},
  {"name":"莫小莉","phoneNumber":"13594123391","coupon":"902817cef21bc567"},
  {"name":"李友凤","phoneNumber":"13638389227","coupon":"fecd72c1f22bae54"},
  {"name":"王雪芳","phoneNumber":"13637983148","coupon":"066d93645b299307"},
  {"name":"路梦影","phoneNumber":"18715203762","coupon":"991b9e80b8e375f7"},
  {"name":"贾龙凤","phoneNumber":"18156516988","coupon":"025cd44b03d46a3a"},
  {"name":"赵琪娣","phoneNumber":"15156215076","coupon":"887c68d6008c0e14"},
  {"name":"周梦晨","phoneNumber":"13635510078","coupon":"c27489d1cd404a76"},
  {"name":"高杰","phoneNumber":"13693006283","coupon":"16a90fc46c17a031"},
  {"name":"谭艳艳","phoneNumber":"13070109006","coupon":"65f01c812bfa3d9a"},
  {"name":"邹丽娜","phoneNumber":"15101073079","coupon":"e918d1d8416f00cf"},
  {"name":"林志娜","phoneNumber":"18210001898","coupon":"9c7eb3c4de93dbb6"},
  {"name":"吴潇","phoneNumber":"13810330889","coupon":"b83a4219c034e69d"},
  {"name":"冯吉","phoneNumber":"15001249579","coupon":"3899b2787b9ba800"},
  {"name":"李杨","phoneNumber":"18518289781","coupon":"d488e15719d4fef4"},
  {"name":"宋晓君","phoneNumber":"18614070976","coupon":"79405c890b79dee4"},
  {"name":"袭洋","phoneNumber":"18731888897","coupon":"53b6dc6dc444e9e6"},
  {"name":"陈政鹏","phoneNumber":"15060010112","coupon":"169750549767c2ae"},
  {"name":"林婷婷","phoneNumber":"15159625018","coupon":"381f01471d1769ab"},
  {"name":"李宗浩","phoneNumber":"15060037389","coupon":"04d607172285ae53"},
  {"name":"洪英","phoneNumber":"13609501351","coupon":"260d78197be55185"},
  {"name":"王糟糟","phoneNumber":"18606941767","coupon":"c0bb7a060f0bf86e"},
  {"name":"黄小霞","phoneNumber":"18695657212","coupon":"a165863b95d7b55e"},
  {"name":"沈桂芳","phoneNumber":"15750973317","coupon":"ef6a1b60cd4a8fe8"},
  {"name":"郑沐明","phoneNumber":"13799890111","coupon":"155958488bfe971c"},
  {"name":"张培霞","phoneNumber":"15060882050","coupon":"5d62a0829f013916"},
  {"name":"柯小姐","phoneNumber":"15805022899","coupon":"e5f60323b7aa0f31"},
  {"name":"吴丽玲","phoneNumber":"13675981027","coupon":"22b7a0570210f691"},
  {"name":"黄丽月","phoneNumber":"13559625835","coupon":"1f75f7354c02e46d"},
  {"name":"苏俊龙","phoneNumber":"13559511051","coupon":"9eb3519879aaed1c"},
  {"name":"黄雅婷","phoneNumber":"15959516502","coupon":"b8ad51c97f33a4de"},
  {"name":"李小花","phoneNumber":"18372725431","coupon":"bee714fb43faddd1"},
  {"name":"蔡爱","phoneNumber":"15710684873","coupon":"d8e737b18c314e61"},
  {"name":"黄冰文","phoneNumber":"15060778775","coupon":"aff39715314ac72b"},
  {"name":"廖辛枚","phoneNumber":"15260208135","coupon":"ebabd44eedb96099"},
  {"name":"涂晓蔓","phoneNumber":"13799741109","coupon":"04f0cf59aea556c8"},
  {"name":"杨婷婷","phoneNumber":"15060763977","coupon":"c8a3bd2aecb4f670"},
  {"name":"蔡婷婷","phoneNumber":"15659280962","coupon":"0f46f03cb08b92a0"},
  {"name":"李小洪","phoneNumber":"15860756355","coupon":"d9ae5a1a602b4960"},
  {"name":"魏琳","phoneNumber":"15959252001","coupon":"ae92d8e606989964"},
  {"name":"小蓝","phoneNumber":"15960833212","coupon":"69919dae7864baff"},
  {"name":"张茜雅","phoneNumber":"15859200901","coupon":"a81466c9cdb6147c"},
  {"name":"戴丽","phoneNumber":"18695690830","coupon":"3eea265caa5ce7a5"},
  {"name":"王雅娟","phoneNumber":"13599900640","coupon":"e9c07da651b009f7"},
  {"name":"戴小红","phoneNumber":"13605057452","coupon":"9def3c7f13470158"},
  {"name":"小冻","phoneNumber":"15259692073","coupon":"df83b0e7b92b0b7c"},
  {"name":"张奕兰","phoneNumber":"13696925258","coupon":"742160cc351a1716"},
  {"name":"郝莉","phoneNumber":"15293170775","coupon":"2bebf6e0621a3fb4"},
  {"name":"唐媛","phoneNumber":"13109318581","coupon":"4ba572afba1a64f9"},
  {"name":"赵明","phoneNumber":"13919316403","coupon":"9f3343800db36d1a"},
  {"name":"董锭芬","phoneNumber":"13652801926","coupon":"11ef147cf73d5c8e"},
  {"name":"许春柳","phoneNumber":"13534615657","coupon":"229caba2f29af146"},
  {"name":"詹小姐","phoneNumber":"13413714434","coupon":"ceb573c7a8312917"},
  {"name":"陈钰纯","phoneNumber":"13509892323","coupon":"29099234a420cb9a"},
  {"name":"李玲","phoneNumber":"13553894324","coupon":"cff3dc5c97f1ea44"},
  {"name":"陈漫华","phoneNumber":"13509204288","coupon":"a29cdf1008e8c7c6"},
  {"name":"龚红秋","phoneNumber":"13712293531","coupon":"0a2221b24142d7d6"},
  {"name":"侯美君","phoneNumber":"13726411553","coupon":"234f1d3e7d05e9e5"},
  {"name":"金玲","phoneNumber":"18825819596","coupon":"1c4fd5e689070bfb"},
  {"name":"李秋妍","phoneNumber":"13113209996","coupon":"f8929c5bb90c566c"},
  {"name":"刘丹","phoneNumber":"13532564706","coupon":"3a022792c2ae0374"},
  {"name":"蒙雪琴","phoneNumber":"18664072824","coupon":"aa659b5d39544016"},
  {"name":"宋艳华","phoneNumber":"18924375967","coupon":"1cf5c37f65fe5750"},
  {"name":"韦韦","phoneNumber":"13790631266","coupon":"4c22dc9cac818e26"},
  {"name":"吴侦婷","phoneNumber":"18825571876","coupon":"d9dfd5547063361f"},
  {"name":"杨小","phoneNumber":"13612685821","coupon":"75328d3e4fb5c84f"},
  {"name":"余彩霞","phoneNumber":"13532592663","coupon":"3a474a96825d3213"},
  {"name":"张小姐","phoneNumber":"13925859003","coupon":"546409235055b93c"},
  {"name":"周清","phoneNumber":"13713042946","coupon":"1ed705007df095d0"},
  {"name":"肖琴","phoneNumber":"13543310779","coupon":"e985dec72d73a39c"},
  {"name":"陈海平","phoneNumber":"13823100954","coupon":"f19e6b9d71ebcf5c"},
  {"name":"何","phoneNumber":"13534475852","coupon":"9b9cc0e7d3bdcc6e"},
  {"name":"梁小玲","phoneNumber":"13695176614","coupon":"a942332bf40dda7d"},
  {"name":"吴小鸡","phoneNumber":"13450817527","coupon":"2eba62e1fa845d82"},
  {"name":"张剑花","phoneNumber":"13751768021","coupon":"e2b2336d77def57d"},
  {"name":"凯旋","phoneNumber":"15975721133","coupon":"cf2e43a15fa6e11a"},
  {"name":"梁幸云","phoneNumber":"13715472823","coupon":"3ed39f4721498572"},
  {"name":"庞小姐","phoneNumber":"13609031440","coupon":"bf5a69fe3a0767ba"},
  {"name":"陈凯英","phoneNumber":"18688487400","coupon":"7b97e60ac18996c0"},
  {"name":"何小米","phoneNumber":"13556894706","coupon":"55cf6c4f6de77f39"},
  {"name":"黎小姐","phoneNumber":"13423634496","coupon":"c0873b489c2e8085"},
  {"name":"陶莉莎","phoneNumber":"13427585767","coupon":"f542a8c9ec06f263"},
  {"name":"張小姐","phoneNumber":"13570998501","coupon":"765774633aabad19"},
  {"name":"郭欢","phoneNumber":"18820037063","coupon":"a092c2611ae8c5c9"},
  {"name":"吴婉环","phoneNumber":"18825199168","coupon":"d96ad45032a0e855"},
  {"name":"吴小姐","phoneNumber":"13660030869","coupon":"46bd91598ae0c48f"},
  {"name":"何小雪","phoneNumber":"13751838657","coupon":"25e78d52fe40eb9f"},
  {"name":"林怡斐","phoneNumber":"13826428180","coupon":"b27cb1051201322f"},
  {"name":"邱少菲","phoneNumber":"18620017343","coupon":"7c09df539189fc8c"},
  {"name":"余凯妃","phoneNumber":"13535220582","coupon":"a3dc33971331ad14"},
  {"name":"黄奕岚","phoneNumber":"15918722689","coupon":"fce517a3acf4729c"},
  {"name":"叶先生","phoneNumber":"13660019059","coupon":"0525fe33130d385d"},
  {"name":"吴郑洁","phoneNumber":"18688859001","coupon":"37c90342b7510c52"},
  {"name":"冯洁红","phoneNumber":"13710939585","coupon":"d1e3bfe61183e871"},
  {"name":"李玉枚","phoneNumber":"13751837209","coupon":"3c4d63656f85ab91"},
  {"name":"王琳","phoneNumber":"15811885839","coupon":"4fce7bef7d6201b9"},
  {"name":"钟然","phoneNumber":"13434234039","coupon":"1a5688bf113c8864"},
  {"name":"刘义","phoneNumber":"15977595570","coupon":"3e3dcabff8a6eacd"},
  {"name":"罗小黑","phoneNumber":"18817500029","coupon":"一年份铂金装纸尿裤"},
  {"name":"林姐姐","phoneNumber":"13825876290","coupon":"一年份铂金装纸尿裤"}
]